id,firstName,lastName,email,userId,city,province,postalCode
1,Marcela,Collyns,mcollyns0@europa.eu,mcollyns0,Los Angeles,California,90015
2,Alasteir,MacAndrew,amacandrew1@archive.org,amacandrew1,Santa Clara,California,95054
3,Adora,Aland,aaland2@si.edu,aaland2,Oklahoma City,Oklahoma,73197
4,Kristofer,Olin,kolin3@gov.uk,kolin3,Dallas,Texas,75251
5,Billy,Iddon,biddon4@cnbc.com,biddon4,New York City,New York,10184
6,Milli,Speight,mspeight5@paypal.com,mspeight5,Los Angeles,California,90025
7,Sawyer,Niccolls,sniccolls6@miibeian.gov.cn,sniccolls6,Atlanta,Georgia,30343
8,Jo,Abramamovh,jabramamovh7@webs.com,jabramamovh7,Saint Louis,Missouri,63169
9,Wait,Wastling,wwastling8@tinypic.com,wwastling8,Spring,Texas,77386
10,Bella,Grahame,bgrahame9@cmu.edu,bgrahame9,Greenville,South Carolina,29615
11,Bea,Privost,bprivosta@wired.com,bprivosta,Milwaukee,Wisconsin,53210
12,Gale,Presnail,gpresnailb@tuttocitta.it,gpresnailb,Huntington,West Virginia,25721
13,Caressa,Bogaert,cbogaertc@yale.edu,cbogaertc,Saint Petersburg,Florida,33731
14,Lyndel,Cahill,lcahilld@senate.gov,lcahilld,Scottsdale,Arizona,85255
15,Ted,Huntington,thuntingtone@gnu.org,thuntingtone,Miami,Florida,33164
16,Josiah,Briatt,jbriattf@sakura.ne.jp,jbriattf,Louisville,Kentucky,40233
17,Kala,Vecard,kvecardg@soundcloud.com,kvecardg,Tulsa,Oklahoma,74193
18,Lorenzo,Timmens,ltimmensh@tmall.com,ltimmensh,Schenectady,New York,12325
19,Benji,Ahlf,bahlfi@flickr.com,bahlfi,Fairfield,Connecticut,06825
20,Arvie,Henrion,ahenrionj@slate.com,ahenrionj,Indianapolis,Indiana,46239
21,Vivia,McAllan,vmcallank@prlog.org,vmcallank,Tacoma,Washington,98405
22,Granger,Christaeas,gchristaeasl@shutterfly.com,gchristaeasl,Fort Pierce,Florida,34981
23,Katee,Merryfield,kmerryfieldm@cmu.edu,kmerryfieldm,Manchester,New Hampshire,03105
24,Costa,Burgin,cburginn@squarespace.com,cburginn,Santa Barbara,California,93106
25,Fairlie,Stefi,fstefio@ed.gov,fstefio,Louisville,Kentucky,40256
26,Ramon,Manuelli,rmanuellip@mail.ru,rmanuellip,Indianapolis,Indiana,46216
27,Jarrett,Atter,jatterq@macromedia.com,jatterq,Lexington,Kentucky,40510
28,Consuelo,Tolomelli,ctolomellir@jalbum.net,ctolomellir,Baltimore,Maryland,21275
29,Sada,Hollidge,shollidges@goo.ne.jp,shollidges,Houston,Texas,77065
30,Godfree,Carbin,gcarbint@unblog.fr,gcarbint,San Antonio,Texas,78240
31,Donielle,Frome,dfromeu@apache.org,dfromeu,Wichita Falls,Texas,76310
32,Erik,Blose,eblosev@meetup.com,eblosev,Buffalo,New York,14233
33,Henrie,Warrick,hwarrickw@tinyurl.com,hwarrickw,Wichita,Kansas,67260
34,Nahum,Brogan,nbroganx@wsj.com,nbroganx,Little Rock,Arkansas,72222
35,Billy,Hierro,bhierroy@apache.org,bhierroy,Lincoln,Nebraska,68517
36,Sigismond,Blunn,sblunnz@123-reg.co.uk,sblunnz,Madison,Wisconsin,53726
37,Rosalia,MacCostigan,rmaccostigan10@unesco.org,rmaccostigan10,Dallas,Texas,75236
38,Delcine,Brewers,dbrewers11@usatoday.com,dbrewers11,Washington,District of Columbia,20420
39,Land,Delves,ldelves12@hatena.ne.jp,ldelves12,Seattle,Washington,98140
40,Ethelyn,Shelf,eshelf13@posterous.com,eshelf13,Charlotte,North Carolina,28263
41,Delphine,Emney,demney14@lycos.com,demney14,Young America,Minnesota,55557
42,Sabra,Kuhn,skuhn15@mashable.com,skuhn15,Evansville,Indiana,47712
43,Nada,Grimbaldeston,ngrimbaldeston16@nhs.uk,ngrimbaldeston16,Washington,District of Columbia,20062
44,Olly,Cawsey,ocawsey17@army.mil,ocawsey17,High Point,North Carolina,27264
45,Lonnie,Greenham,lgreenham18@mapquest.com,lgreenham18,Pompano Beach,Florida,33069
46,Broderic,Duerdin,bduerdin19@1688.com,bduerdin19,Houston,Texas,77065
47,Virgie,Ilyuchyov,vilyuchyov1a@europa.eu,vilyuchyov1a,Huntsville,Alabama,35815
48,Mikey,Florey,mflorey1b@ebay.com,mflorey1b,Austin,Texas,78726
49,Norine,Everleigh,neverleigh1c@elegantthemes.com,neverleigh1c,Saint Louis,Missouri,63116
50,Enrika,Widmoor,ewidmoor1d@nifty.com,ewidmoor1d,Alexandria,Virginia,22333
51,Saunders,Boswood,sboswood1e@theguardian.com,sboswood1e,Providence,Rhode Island,02912
52,Ekaterina,Widdup,ewiddup1f@twitter.com,ewiddup1f,Salem,Oregon,97306
53,Mattias,Kineton,mkineton1g@apple.com,mkineton1g,Tacoma,Washington,98411
54,Doralin,Killock,dkillock1h@nydailynews.com,dkillock1h,New York City,New York,10009
55,Janene,Tomaselli,jtomaselli1i@rambler.ru,jtomaselli1i,Indianapolis,Indiana,46295
56,Edithe,Jacquet,ejacquet1j@cmu.edu,ejacquet1j,Austin,Texas,78726
57,Gabriello,Exter,gexter1k@geocities.com,gexter1k,El Paso,Texas,79968
58,Sybille,Willment,swillment1l@sina.com.cn,swillment1l,Danbury,Connecticut,06816
59,Danna,Alywen,dalywen1m@usgs.gov,dalywen1m,Staten Island,New York,10310
60,Ike,Heskins,iheskins1n@ucoz.com,iheskins1n,Milwaukee,Wisconsin,53205
61,Fidela,Lambshine,flambshine1o@seattletimes.com,flambshine1o,Phoenix,Arizona,85010
62,Heath,Woodhouse,hwoodhouse1p@sbwire.com,hwoodhouse1p,El Paso,Texas,88514
63,Jo-anne,Raddin,jraddin1q@zdnet.com,jraddin1q,Amarillo,Texas,79188
64,Thorndike,Leer,tleer1r@github.io,tleer1r,Winston Salem,North Carolina,27116
65,Jemmy,Coey,jcoey1s@dell.com,jcoey1s,Fort Wayne,Indiana,46852
66,Arel,Pittway,apittway1t@google.nl,apittway1t,Orlando,Florida,32868
67,Clayborn,Licciardi,clicciardi1u@economist.com,clicciardi1u,Sacramento,California,94237
68,Charles,Snugg,csnugg1v@apache.org,csnugg1v,Mobile,Alabama,36605
69,Erminie,Skippings,eskippings1w@goo.ne.jp,eskippings1w,Salt Lake City,Utah,84115
70,Rogerio,Filasov,rfilasov1x@tumblr.com,rfilasov1x,Austin,Texas,78732
71,Ianthe,Marrison,imarrison1y@prlog.org,imarrison1y,Madison,Wisconsin,53710
72,Brigitte,Reaman,breaman1z@goodreads.com,breaman1z,Detroit,Michigan,48267
73,Joannes,Tolman,jtolman20@histats.com,jtolman20,Saint Louis,Missouri,63167
74,Nada,Meriguet,nmeriguet21@livejournal.com,nmeriguet21,Kansas City,Missouri,64130
75,August,Gair,agair22@w3.org,agair22,Memphis,Tennessee,38136
76,Shelley,Grigson,sgrigson23@xinhuanet.com,sgrigson23,Saint Louis,Missouri,63121
77,Joanie,Eskriet,jeskriet24@tripadvisor.com,jeskriet24,Buffalo,New York,14225
78,Osgood,Wroughton,owroughton25@woothemes.com,owroughton25,Brooklyn,New York,11225
79,Teriann,Sabbatier,tsabbatier26@t-online.de,tsabbatier26,South Bend,Indiana,46614
80,Arney,Champerlen,achamperlen27@friendfeed.com,achamperlen27,San Francisco,California,94121
81,Allianora,Claw,aclaw28@addthis.com,aclaw28,Columbus,Ohio,43210
82,Glen,Pickton,gpickton29@paginegialle.it,gpickton29,Santa Barbara,California,93106
83,Carlos,Milnthorpe,cmilnthorpe2a@craigslist.org,cmilnthorpe2a,Kingsport,Tennessee,37665
84,Barnie,Lutton,blutton2b@weebly.com,blutton2b,Waterbury,Connecticut,06721
85,Abby,Chugg,achugg2c@census.gov,achugg2c,Phoenix,Arizona,85062
86,Vernice,Hembrow,vhembrow2d@tiny.cc,vhembrow2d,Abilene,Texas,79699
87,Godiva,Cuskery,gcuskery2e@live.com,gcuskery2e,Oklahoma City,Oklahoma,73190
88,Adey,Foss,afoss2f@china.com.cn,afoss2f,Scranton,Pennsylvania,18514
89,Vanda,Bogies,vbogies2g@berkeley.edu,vbogies2g,Spring,Texas,77386
90,Miof mela,Fashion,mfashion2h@hubpages.com,mfashion2h,Beaumont,Texas,77713
91,Filippa,Takle,ftakle2i@blog.com,ftakle2i,Harrisburg,Pennsylvania,17105
92,Ryon,Heibel,rheibel2j@opera.com,rheibel2j,Akron,Ohio,44329
93,Margarita,O'Shirine,moshirine2k@cocolog-nifty.com,moshirine2k,Columbus,Ohio,43210
94,Fergus,Fauguel,ffauguel2l@hp.com,ffauguel2l,Philadelphia,Pennsylvania,19093
95,Chandler,Karlsson,ckarlsson2m@wsj.com,ckarlsson2m,Augusta,Georgia,30911
96,Jaclyn,Cardall,jcardall2n@google.nl,jcardall2n,Long Beach,California,90831
97,Cheri,Semken,csemken2o@wikipedia.org,csemken2o,Fort Wayne,Indiana,46805
98,Caitlin,Wimpress,cwimpress2p@vk.com,cwimpress2p,Monroe,Louisiana,71208
99,Frederich,Mesant,fmesant2q@ehow.com,fmesant2q,Dallas,Texas,75310
100,Willey,Farrin,wfarrin2r@stanford.edu,wfarrin2r,Albany,New York,12205
101,Ezmeralda,Haney`,ehaney2s@lycos.com,ehaney2s,Rochester,New York,14683
102,Anatollo,Narducci,anarducci2t@discuz.net,anarducci2t,Tuscaloosa,Alabama,35487
103,Nikolia,Tegler,ntegler2u@tinypic.com,ntegler2u,Vancouver,Washington,98687
104,Josepha,Renzini,jrenzini2v@1688.com,jrenzini2v,Charleston,West Virginia,25326
105,Carine,McRae,cmcrae2w@nps.gov,cmcrae2w,Orlando,Florida,32808
106,Emlynne,Baudinet,ebaudinet2x@nature.com,ebaudinet2x,Orlando,Florida,32835
107,Wynne,McCahill,wmccahill2y@sciencedaily.com,wmccahill2y,Akron,Ohio,44315
108,Valentina,Dupree,vdupree2z@washington.edu,vdupree2z,Saint Cloud,Minnesota,56398
109,Jasmina,Schoolcroft,jschoolcroft30@xing.com,jschoolcroft30,Harrisburg,Pennsylvania,17105
110,Lucias,Foskew,lfoskew31@paypal.com,lfoskew31,Arlington,Virginia,22212
111,Tabb,Handmore,thandmore32@blinklist.com,thandmore32,Raleigh,North Carolina,27690
112,Leicester,Faulds,lfaulds33@cbslocal.com,lfaulds33,Springfield,Illinois,62764
113,Kaitlynn,Olner,kolner34@howstuffworks.com,kolner34,Houston,Texas,77065
114,Ilario,Dowrey,idowrey35@twitter.com,idowrey35,Lansing,Michigan,48919
115,Burl,Gaughan,bgaughan36@taobao.com,bgaughan36,Tampa,Florida,33605
116,Lyssa,Toman,ltoman37@latimes.com,ltoman37,Honolulu,Hawaii,96835
117,Micheline,Stagg,mstagg38@about.me,mstagg38,Houston,Texas,77045
118,Heloise,Longrigg,hlongrigg39@wordpress.com,hlongrigg39,Charleston,South Carolina,29424
119,Ignazio,Hilhouse,ihilhouse3a@cargocollective.com,ihilhouse3a,Philadelphia,Pennsylvania,19191
120,Avery,Howden,ahowden3b@vkontakte.ru,ahowden3b,New York City,New York,10014
121,Dorena,Schapero,dschapero3c@g.co,dschapero3c,Philadelphia,Pennsylvania,19125
122,Crystal,Olenin,colenin3d@miibeian.gov.cn,colenin3d,Washington,District of Columbia,20067
123,Ferdinande,Reye,freye3e@census.gov,freye3e,Norman,Oklahoma,73071
124,Amory,Biddell,abiddell3f@samsung.com,abiddell3f,Saint Petersburg,Florida,33715
125,Babb,Gerkens,bgerkens3g@pinterest.com,bgerkens3g,Phoenix,Arizona,85072
126,Broddie,Poundsford,bpoundsford3h@cpanel.net,bpoundsford3h,Washington,District of Columbia,20016
127,Rani,Pullan,rpullan3i@fotki.com,rpullan3i,Englewood,Colorado,80150
128,Eamon,Windless,ewindless3j@about.com,ewindless3j,Newark,New Jersey,07112
129,Rhodie,Badgers,rbadgers3k@zimbio.com,rbadgers3k,El Paso,Texas,88569
130,Chanda,Sisley,csisley3l@wired.com,csisley3l,Miami,Florida,33134
131,Kenton,Beagrie,kbeagrie3m@nsw.gov.au,kbeagrie3m,Oakland,California,94616
132,Aeriel,Maccrae,amaccrae3n@youtube.com,amaccrae3n,Frankfort,Kentucky,40618
133,Maurits,Mardoll,mmardoll3o@printfriendly.com,mmardoll3o,Portland,Maine,04109
134,Fair,Salvidge,fsalvidge3p@pcworld.com,fsalvidge3p,New York City,New York,10120
135,King,Wein,kwein3q@nbcnews.com,kwein3q,Palm Bay,Florida,32909
136,Tomlin,Arrundale,tarrundale3r@dagondesign.com,tarrundale3r,Vienna,Virginia,22184
137,Mia,Hagerty,mhagerty3s@cbc.ca,mhagerty3s,Boston,Massachusetts,02298
138,Bram,Farnie,bfarnie3t@noaa.gov,bfarnie3t,Berkeley,California,94712
139,Claudelle,Bowlands,cbowlands3u@illinois.edu,cbowlands3u,Fort Pierce,Florida,34981
140,Rasia,Cardoso,rcardoso3v@mac.com,rcardoso3v,Eugene,Oregon,97405
141,Umberto,Gerren,ugerren3w@paginegialle.it,ugerren3w,Sacramento,California,94250
142,Cob,Autrie,cautrie3x@elpais.com,cautrie3x,New York City,New York,10079
143,Myles,Twitching,mtwitching3y@bloglines.com,mtwitching3y,Gadsden,Alabama,35905
144,Jorgan,Bestiman,jbestiman3z@devhub.com,jbestiman3z,Kansas City,Missouri,64187
145,Pansy,Coull,pcoull40@linkedin.com,pcoull40,Port Washington,New York,11054
146,Luci,Bransom,lbransom41@homestead.com,lbransom41,Bakersfield,California,93399
147,Percy,Pedden,ppedden42@smugmug.com,ppedden42,Modesto,California,95397
148,Xenos,Vye,xvye43@theglobeandmail.com,xvye43,Charleston,West Virginia,25336
149,Mill,Meadway,mmeadway44@digg.com,mmeadway44,Louisville,Kentucky,40205
150,Fidelia,Bellefonte,fbellefonte45@livejournal.com,fbellefonte45,Asheville,North Carolina,28805
151,Hiram,Bruyet,hbruyet46@gizmodo.com,hbruyet46,Washington,District of Columbia,20370
152,Clayborne,Sarjant,csarjant47@ovh.net,csarjant47,Oakland,California,94616
153,Martainn,Giovannoni,mgiovannoni48@yellowbook.com,mgiovannoni48,Washington,District of Columbia,20099
154,Duane,Yesson,dyesson49@google.es,dyesson49,Oklahoma City,Oklahoma,73114
155,Emeline,Ixer,eixer4a@amazon.com,eixer4a,Wichita,Kansas,67236
156,Maure,Gealy,mgealy4b@weibo.com,mgealy4b,El Paso,Texas,88546
157,Beale,Goodluck,bgoodluck4c@nature.com,bgoodluck4c,Billings,Montana,59105
158,Dacie,Bellard,dbellard4d@qq.com,dbellard4d,Los Angeles,California,90040
159,Dannie,Spellacey,dspellacey4e@nydailynews.com,dspellacey4e,San Diego,California,92145
160,Ferrel,Crufts,fcrufts4f@yahoo.com,fcrufts4f,Albany,New York,12210
161,Edwina,MacKay,emackay4g@about.com,emackay4g,Memphis,Tennessee,38126
162,Gregor,Skatcher,gskatcher4h@fda.gov,gskatcher4h,Erie,Pennsylvania,16550
163,Hale,Tointon,htointon4i@prweb.com,htointon4i,Berkeley,California,94705
164,Minnie,Ayto,mayto4j@intel.com,mayto4j,San Francisco,California,94110
165,Wallache,Kondratenya,wkondratenya4k@admin.ch,wkondratenya4k,Raleigh,North Carolina,27626
166,Panchito,Coyne,pcoyne4l@sun.com,pcoyne4l,Lancaster,California,93584
167,Emilio,Vedyasov,evedyasov4m@globo.com,evedyasov4m,Milwaukee,Wisconsin,53220
168,Vally,Vlasenkov,vvlasenkov4n@ameblo.jp,vvlasenkov4n,Santa Barbara,California,93150
169,Maurits,Venny,mvenny4o@behance.net,mvenny4o,Longview,Texas,75605
170,Nolly,Jupp,njupp4p@cocolog-nifty.com,njupp4p,Peoria,Illinois,61640
171,Aryn,Caldaro,acaldaro4q@berkeley.edu,acaldaro4q,Kansas City,Missouri,64149
172,Lira,Josilowski,ljosilowski4r@github.com,ljosilowski4r,Riverside,California,92519
173,Marnie,Casiero,mcasiero4s@freewebs.com,mcasiero4s,Madison,Wisconsin,53716
174,Coralyn,Matussevich,cmatussevich4t@de.vu,cmatussevich4t,Santa Monica,California,90405
175,Skipton,Nolan,snolan4u@ucoz.ru,snolan4u,Anchorage,Alaska,99522
176,Mort,Ahrenius,mahrenius4v@cornell.edu,mahrenius4v,Springfield,Missouri,65805
177,Dall,Sweedy,dsweedy4w@theglobeandmail.com,dsweedy4w,Saint Paul,Minnesota,55188
178,Madalyn,Mudd,mmudd4x@about.com,mmudd4x,Evansville,Indiana,47737
179,Gladi,Curado,gcurado4y@arizona.edu,gcurado4y,Englewood,Colorado,80150
180,Chucho,Hobell,chobell4z@google.pl,chobell4z,Fort Wayne,Indiana,46805
181,Prudi,Dobrowolski,pdobrowolski50@cnn.com,pdobrowolski50,Aurora,Illinois,60505
182,Russell,Braysher,rbraysher51@usgs.gov,rbraysher51,Chicago,Illinois,60624
183,Jacquelin,Simonaitis,jsimonaitis52@goo.gl,jsimonaitis52,Columbus,Georgia,31904
184,Vin,Dannohl,vdannohl53@ocn.ne.jp,vdannohl53,Anchorage,Alaska,99507
185,Carny,Hundall,chundall54@tinypic.com,chundall54,El Paso,Texas,79928
186,Pall,Slipper,pslipper55@seesaa.net,pslipper55,Fresno,California,93726
187,Nataline,Bernette,nbernette56@example.com,nbernette56,Gainesville,Florida,32610
188,Kameko,Richardson,krichardson57@wikipedia.org,krichardson57,Jacksonville,Florida,32225
189,Bobbie,Vela,bvela58@gmpg.org,bvela58,Albuquerque,New Mexico,87140
190,Darby,Coldham,dcoldham59@blinklist.com,dcoldham59,San Jose,California,95194
191,Sarajane,Laneham,slaneham5a@cdc.gov,slaneham5a,Memphis,Tennessee,38119
192,Hope,Wickman,hwickman5b@ebay.com,hwickman5b,Fayetteville,North Carolina,28314
193,Royce,Hallewell,rhallewell5c@wisc.edu,rhallewell5c,Mobile,Alabama,36641
194,Reginauld,Clinton,rclinton5d@bizjournals.com,rclinton5d,Anniston,Alabama,36205
195,Ginevra,Jaukovic,gjaukovic5e@geocities.jp,gjaukovic5e,Philadelphia,Pennsylvania,19184
196,Harris,MacAndrew,hmacandrew5f@census.gov,hmacandrew5f,San Diego,California,92165
197,Sela,Aitchison,saitchison5g@free.fr,saitchison5g,San Jose,California,95133
198,Jacquelin,Cropp,jcropp5h@plala.or.jp,jcropp5h,Stockton,California,95219
199,Salomon,Labbey,slabbey5i@youku.com,slabbey5i,San Diego,California,92186
200,Dode,Dunabie,ddunabie5j@chicagotribune.com,ddunabie5j,Louisville,Kentucky,40250
201,Suzie,Dorkins,sdorkins5k@cdbaby.com,sdorkins5k,Camden,New Jersey,08104
202,Briney,Dodds,bdodds5l@wisc.edu,bdodds5l,Tampa,Florida,33610
203,Farica,Beardwood,fbeardwood5m@google.co.uk,fbeardwood5m,Huntington Beach,California,92648
204,Natala,Cully,ncully5n@reuters.com,ncully5n,Baton Rouge,Louisiana,70810
205,Freddy,Gerty,fgerty5o@deliciousdays.com,fgerty5o,Tacoma,Washington,98417
206,Kyle,Antonetti,kantonetti5p@hc360.com,kantonetti5p,Pasadena,California,91109
207,Lora,MacCoveney,lmaccoveney5q@shop-pro.jp,lmaccoveney5q,Boston,Massachusetts,02119
208,Elvin,Proschke,eproschke5r@furl.net,eproschke5r,Albuquerque,New Mexico,87115
209,Kennie,Quest,kquest5s@mit.edu,kquest5s,Philadelphia,Pennsylvania,19196
210,Teresa,Hoff,thoff5t@sourceforge.net,thoff5t,Yonkers,New York,10705
211,Waly,Albrighton,walbrighton5u@soup.io,walbrighton5u,Alexandria,Virginia,22309
212,Doug,Sarle,dsarle5v@dyndns.org,dsarle5v,Springfield,Illinois,62723
213,Orsola,Bazell,obazell5w@microsoft.com,obazell5w,Bismarck,North Dakota,58505
214,Ebenezer,Swinerd,eswinerd5x@theatlantic.com,eswinerd5x,Portsmouth,Virginia,23705
215,Gabriello,Tedorenko,gtedorenko5y@wix.com,gtedorenko5y,Evanston,Illinois,60208
216,Rhett,Shoute,rshoute5z@desdev.cn,rshoute5z,Akron,Ohio,44393
217,Kerry,Garfirth,kgarfirth60@washington.edu,kgarfirth60,Los Angeles,California,90087
218,Catharina,Murrock,cmurrock61@barnesandnoble.com,cmurrock61,Plano,Texas,75074
219,Stanley,Fuidge,sfuidge62@arstechnica.com,sfuidge62,Dallas,Texas,75226
220,Jdavie,Riep,jriep63@zimbio.com,jriep63,Los Angeles,California,90055
221,Clem,Seally,cseally64@nasa.gov,cseally64,Athens,Georgia,30605
222,Mavra,Moscon,mmoscon65@rediff.com,mmoscon65,Silver Spring,Maryland,20918
223,Emelda,Duffree,eduffree66@mashable.com,eduffree66,Cincinnati,Ohio,45254
224,Foster,Karlqvist,fkarlqvist67@blogspot.com,fkarlqvist67,Katy,Texas,77493
225,Nadean,Le Grand,nlegrand68@nsw.gov.au,nlegrand68,Waterbury,Connecticut,06705
226,Patricio,Phelipeau,pphelipeau69@mapy.cz,pphelipeau69,Wilkes Barre,Pennsylvania,18763
227,Marlow,Cammis,mcammis6a@sogou.com,mcammis6a,Yonkers,New York,10705
228,Carroll,Stripp,cstripp6b@sbwire.com,cstripp6b,Milwaukee,Wisconsin,53285
229,Morena,Coverlyn,mcoverlyn6c@angelfire.com,mcoverlyn6c,Largo,Florida,34643
230,Toby,Girod,tgirod6d@disqus.com,tgirod6d,West Palm Beach,Florida,33421
231,Kipp,Powling,kpowling6e@delicious.com,kpowling6e,Buffalo,New York,14215
232,Ginger,Fortnon,gfortnon6f@blog.com,gfortnon6f,Kansas City,Missouri,64125
233,Ilka,Gorger,igorger6g@g.co,igorger6g,Detroit,Michigan,48217
234,Trumann,Windrass,twindrass6h@wordpress.com,twindrass6h,Austin,Texas,78749
235,Wolfgang,Van Castele,wvancastele6i@washington.edu,wvancastele6i,Charlotte,North Carolina,28247
236,Kalila,Quick,kquick6j@ca.gov,kquick6j,Evanston,Illinois,60208
237,Evelyn,Dyter,edyter6k@google.fr,edyter6k,Lexington,Kentucky,40576
238,Winne,Impy,wimpy6l@digg.com,wimpy6l,Pueblo,Colorado,81005
239,Robbin,Jeens,rjeens6m@booking.com,rjeens6m,Memphis,Tennessee,38143
240,Jacky,Ogan,jogan6n@japanpost.jp,jogan6n,Charlotte,North Carolina,28299
241,Sada,Mochan,smochan6o@buzzfeed.com,smochan6o,Lincoln,Nebraska,68517
242,Florri,Drinkhill,fdrinkhill6p@mozilla.com,fdrinkhill6p,Charleston,West Virginia,25305
243,Kendal,McDavitt,kmcdavitt6q@howstuffworks.com,kmcdavitt6q,Monroe,Louisiana,71208
244,Christoffer,Streatfield,cstreatfield6r@nifty.com,cstreatfield6r,Alexandria,Louisiana,71307
245,Porter,Matyukon,pmatyukon6s@symantec.com,pmatyukon6s,Winston Salem,North Carolina,27105
246,Yvor,Lampart,ylampart6t@aol.com,ylampart6t,Monroe,Louisiana,71213
247,Brendin,Sadler,bsadler6u@bbc.co.uk,bsadler6u,Akron,Ohio,44393
248,Napoleon,Williscroft,nwilliscroft6v@fda.gov,nwilliscroft6v,Jacksonville,Florida,32215
249,Garth,Swinfon,gswinfon6w@slideshare.net,gswinfon6w,Charleston,West Virginia,25336
250,Coreen,Leavens,cleavens6x@globo.com,cleavens6x,Philadelphia,Pennsylvania,19151
251,Nariko,Bellini,nbellini6y@unesco.org,nbellini6y,Torrance,California,90505
252,Gusta,Barnaby,gbarnaby6z@tripod.com,gbarnaby6z,Philadelphia,Pennsylvania,19093
253,Lanni,Tomasini,ltomasini70@unblog.fr,ltomasini70,Baton Rouge,Louisiana,70883
254,Frederik,Weinham,fweinham71@tiny.cc,fweinham71,Bismarck,North Dakota,58505
255,Debor,Loyd,dloyd72@angelfire.com,dloyd72,San Francisco,California,94159
256,Jean,Ridewood,jridewood73@timesonline.co.uk,jridewood73,Lexington,Kentucky,40576
257,Ermentrude,Golling,egolling74@phpbb.com,egolling74,Brooklyn,New York,11236
258,Vernen,Goggey,vgoggey75@salon.com,vgoggey75,Kent,Washington,98042
259,Yance,Mantripp,ymantripp76@fda.gov,ymantripp76,Reading,Pennsylvania,19605
260,Merwyn,Tomasino,mtomasino77@washington.edu,mtomasino77,El Paso,Texas,88584
261,Francine,Dufoure,fdufoure78@jimdo.com,fdufoure78,Richmond,Virginia,23272
262,Merlina,Kirtlan,mkirtlan79@un.org,mkirtlan79,Cleveland,Ohio,44177
263,Shay,Rosenfeld,srosenfeld7a@rakuten.co.jp,srosenfeld7a,San Francisco,California,94105
264,Jada,Schurig,jschurig7b@ovh.net,jschurig7b,San Jose,California,95194
265,Phillie,Bann,pbann7c@nydailynews.com,pbann7c,Boise,Idaho,83732
266,Bogey,Rigbye,brigbye7d@theglobeandmail.com,brigbye7d,Saint Louis,Missouri,63158
267,Barrett,Parris,bparris7e@yolasite.com,bparris7e,Bronx,New York,10469
268,Gilda,Heyfield,gheyfield7f@geocities.jp,gheyfield7f,Oakland,California,94611
269,Grissel,Negus,gnegus7g@yelp.com,gnegus7g,Plano,Texas,75074
270,Lib,Heare,lheare7h@mayoclinic.com,lheare7h,Tampa,Florida,33673
271,Hana,Welldrake,hwelldrake7i@mysql.com,hwelldrake7i,Washington,District of Columbia,20397
272,Katuscha,Rosenboim,krosenboim7j@gizmodo.com,krosenboim7j,Charlotte,North Carolina,28205
273,Burl,Muncey,bmuncey7k@artisteer.com,bmuncey7k,Washington,District of Columbia,20425
274,Tildi,Brambell,tbrambell7l@sourceforge.net,tbrambell7l,Topeka,Kansas,66606
275,Zacherie,Guidoni,zguidoni7m@cam.ac.uk,zguidoni7m,Atlanta,Georgia,30380
276,Val,Sterman,vsterman7n@tripadvisor.com,vsterman7n,Moreno Valley,California,92555
277,Quinton,Chieze,qchieze7o@sciencedirect.com,qchieze7o,Bowie,Maryland,20719
278,Clovis,Kellart,ckellart7p@cam.ac.uk,ckellart7p,Tampa,Florida,33647
279,Kareem,Pistol,kpistol7q@msu.edu,kpistol7q,Wichita,Kansas,67220
280,Lora,Lesper,llesper7r@pbs.org,llesper7r,Young America,Minnesota,55564
281,Camel,Pagon,cpagon7s@woothemes.com,cpagon7s,Shawnee Mission,Kansas,66215
282,Frieda,Barrett,fbarrett7t@taobao.com,fbarrett7t,San Francisco,California,94177
283,Xerxes,Falla,xfalla7u@infoseek.co.jp,xfalla7u,Cleveland,Ohio,44118
284,Burton,Borsnall,bborsnall7v@zdnet.com,bborsnall7v,Tucson,Arizona,85705
285,Petunia,Coots,pcoots7w@nationalgeographic.com,pcoots7w,Mesa,Arizona,85215
286,Bernete,Adamoli,badamoli7x@mtv.com,badamoli7x,Dayton,Ohio,45440
287,Quincy,Pehrsson,qpehrsson7y@youtube.com,qpehrsson7y,Norwalk,Connecticut,06854
288,Alexandros,Bimrose,abimrose7z@github.com,abimrose7z,Santa Monica,California,90405
289,Sonny,Brasted,sbrasted80@google.com,sbrasted80,San Jose,California,95128
290,Hollyanne,Kaveney,hkaveney81@unc.edu,hkaveney81,Lake Worth,Florida,33462
291,Alisun,Mowlam,amowlam82@woothemes.com,amowlam82,Birmingham,Alabama,35254
292,Helena,Burrow,hburrow83@tripod.com,hburrow83,Youngstown,Ohio,44505
293,Levy,von Grollmann,lvongrollmann84@jimdo.com,lvongrollmann84,Cambridge,Massachusetts,02142
294,Woodie,Petrou,wpetrou85@trellian.com,wpetrou85,Alexandria,Virginia,22313
295,Parker,Sikorsky,psikorsky86@spiegel.de,psikorsky86,Wilkes Barre,Pennsylvania,18706
296,Henryetta,Libermore,hlibermore87@google.de,hlibermore87,El Paso,Texas,88579
297,Salomon,Tomlins,stomlins88@symantec.com,stomlins88,Toledo,Ohio,43635
298,Coretta,Pavinese,cpavinese89@sina.com.cn,cpavinese89,Brooklyn,New York,11236
299,Brietta,Medford,bmedford8a@constantcontact.com,bmedford8a,Houston,Texas,77255
300,Jocelyne,Dabourne,jdabourne8b@webeden.co.uk,jdabourne8b,Jefferson City,Missouri,65110
301,Tadio,Braidwood,tbraidwood8c@paypal.com,tbraidwood8c,Oxnard,California,93034
302,Melisenda,Bjerkan,mbjerkan8d@live.com,mbjerkan8d,Houston,Texas,77070
303,Raff,Foad,rfoad8e@oaic.gov.au,rfoad8e,Huntington,West Virginia,25721
304,Liana,Luetkemeyer,lluetkemeyer8f@amazonaws.com,lluetkemeyer8f,San Diego,California,92105
305,Tobiah,Canada,tcanada8g@reddit.com,tcanada8g,Fullerton,California,92640
306,Berkley,Hastie,bhastie8h@rediff.com,bhastie8h,Roanoke,Virginia,24004
307,Antoinette,Brechin,abrechin8i@ucsd.edu,abrechin8i,Brooksville,Florida,34605
308,Mignonne,Satterthwaite,msatterthwaite8j@examiner.com,msatterthwaite8j,Delray Beach,Florida,33448
309,Essie,Codi,ecodi8k@nba.com,ecodi8k,Miami,Florida,33261
310,Dugald,Tomik,dtomik8l@omniture.com,dtomik8l,Washington,District of Columbia,20530
311,Ranique,Covotto,rcovotto8m@tamu.edu,rcovotto8m,Syracuse,New York,13217
312,Jamison,Grasha,jgrasha8n@google.ru,jgrasha8n,Las Vegas,Nevada,89150
313,Cathryn,McCall,cmccall8o@reference.com,cmccall8o,San Diego,California,92145
314,Goldy,Geeraert,ggeeraert8p@ucsd.edu,ggeeraert8p,Irvine,California,92717
315,Jordon,Preist,jpreist8q@yelp.com,jpreist8q,Oklahoma City,Oklahoma,73190
316,Martelle,Flintoft,mflintoft8r@prlog.org,mflintoft8r,Pittsburgh,Pennsylvania,15205
317,Angel,Naden,anaden8s@elegantthemes.com,anaden8s,San Jose,California,95150
318,Ive,Propper,ipropper8t@spotify.com,ipropper8t,Evansville,Indiana,47747
319,Kellsie,Ravenscroft,kravenscroft8u@webmd.com,kravenscroft8u,Wichita,Kansas,67220
320,Bentley,Syvret,bsyvret8v@privacy.gov.au,bsyvret8v,El Paso,Texas,88530
321,Celestina,Burchatt,cburchatt8w@reference.com,cburchatt8w,Buffalo,New York,14205
322,Joann,Rains,jrains8x@webeden.co.uk,jrains8x,Cincinnati,Ohio,45218
323,Amandie,Piggrem,apiggrem8y@behance.net,apiggrem8y,San Jose,California,95160
324,Spencer,Hutsby,shutsby8z@studiopress.com,shutsby8z,Reading,Pennsylvania,19605
325,Albie,Arbor,aarbor90@oakley.com,aarbor90,Bethlehem,Pennsylvania,18018
326,Linc,Drain,ldrain91@timesonline.co.uk,ldrain91,Memphis,Tennessee,38161
327,Jeniffer,Blackwell,jblackwell92@tuttocitta.it,jblackwell92,Portland,Oregon,97201
328,Ronnica,Bottell,rbottell93@cnn.com,rbottell93,Baltimore,Maryland,21265
329,Lark,Fattori,lfattori94@netvibes.com,lfattori94,Lexington,Kentucky,40581
330,Ulrich,Pandya,upandya95@amazon.de,upandya95,Simi Valley,California,93094
331,Lannie,Arias,larias96@google.nl,larias96,New York City,New York,10014
332,Gilberta,Mault,gmault97@reddit.com,gmault97,Reston,Virginia,20195
333,Eilis,Tolcher,etolcher98@studiopress.com,etolcher98,Charleston,West Virginia,25305
334,Benny,Smickle,bsmickle99@tumblr.com,bsmickle99,Minneapolis,Minnesota,55423
335,Emanuele,Edward,eedward9a@independent.co.uk,eedward9a,Cleveland,Ohio,44177
336,Carlina,Hurtic,churtic9b@imgur.com,churtic9b,Tacoma,Washington,98405
337,Pauline,Letson,pletson9c@wikia.com,pletson9c,Olympia,Washington,98516
338,Rebekah,Ghidini,rghidini9d@cbslocal.com,rghidini9d,San Jose,California,95194
339,Steward,Acton,sacton9e@lycos.com,sacton9e,Charlotte,North Carolina,28247
340,Dela,Ackers,dackers9f@webeden.co.uk,dackers9f,Washington,District of Columbia,20099
341,Manda,Hold,mhold9g@trellian.com,mhold9g,Los Angeles,California,90094
342,Eustace,Leggs,eleggs9h@salon.com,eleggs9h,Washington,District of Columbia,20436
343,Imojean,Mateuszczyk,imateuszczyk9i@altervista.org,imateuszczyk9i,Cincinnati,Ohio,45208
344,Isidor,Bisseker,ibisseker9j@blogs.com,ibisseker9j,Minneapolis,Minnesota,55417
345,Gloriana,Goodinson,ggoodinson9k@unicef.org,ggoodinson9k,Spokane,Washington,99260
346,Cal,Grievson,cgrievson9l@github.io,cgrievson9l,Henderson,Nevada,89074
347,Beryle,Milburn,bmilburn9m@constantcontact.com,bmilburn9m,San Antonio,Texas,78230
348,Erena,Kinnin,ekinnin9n@github.io,ekinnin9n,Atlanta,Georgia,30375
349,Griffy,Bartrum,gbartrum9o@storify.com,gbartrum9o,Cincinnati,Ohio,45999
350,Blondelle,Neil,bneil9p@netvibes.com,bneil9p,Glendale,Arizona,85311
351,Elfrieda,Snarr,esnarr9q@vkontakte.ru,esnarr9q,Columbia,Missouri,65218
352,Blondelle,Douberday,bdouberday9r@4shared.com,bdouberday9r,Anderson,Indiana,46015
353,Verge,Keaysell,vkeaysell9s@timesonline.co.uk,vkeaysell9s,Baltimore,Maryland,21281
354,Kandace,Wennington,kwennington9t@surveymonkey.com,kwennington9t,Atlanta,Georgia,31106
355,Bobbette,Rayburn,brayburn9u@gov.uk,brayburn9u,Silver Spring,Maryland,20918
356,Jaymee,Sutor,jsutor9v@goodreads.com,jsutor9v,Stamford,Connecticut,06905
357,Elsey,Pilbury,epilbury9w@vinaora.com,epilbury9w,Boise,Idaho,83716
358,Arluene,Itzhaiek,aitzhaiek9x@fotki.com,aitzhaiek9x,Trenton,New Jersey,08619
359,Malena,Conkay,mconkay9y@ustream.tv,mconkay9y,Tacoma,Washington,98424
360,Shanan,Hunton,shunton9z@illinois.edu,shunton9z,Provo,Utah,84605
361,Yurik,Gillan,ygillana0@princeton.edu,ygillana0,New York City,New York,10275
362,Nanine,Gossling,ngosslinga1@creativecommons.org,ngosslinga1,Bronx,New York,10459
363,Nancee,Lanceter,nlancetera2@yandex.ru,nlancetera2,Tucson,Arizona,85732
364,Leeanne,Dunlap,ldunlapa3@prnewswire.com,ldunlapa3,Columbus,Ohio,43240
365,Darcie,Shipcott,dshipcotta4@gov.uk,dshipcotta4,Torrance,California,90505
366,Juliet,Shelf,jshelfa5@friendfeed.com,jshelfa5,Sioux Falls,South Dakota,57105
367,Kinnie,Byres,kbyresa6@comsenz.com,kbyresa6,Saint Paul,Minnesota,55114
368,Jacqui,Brose,jbrosea7@alexa.com,jbrosea7,Akron,Ohio,44305
369,Linoel,Mozzetti,lmozzettia8@list-manage.com,lmozzettia8,Lubbock,Texas,79410
370,Salem,Kreutzer,skreutzera9@dailymail.co.uk,skreutzera9,Salt Lake City,Utah,84140
371,Catharina,Renouf,crenoufaa@ocn.ne.jp,crenoufaa,Saint Paul,Minnesota,55172
372,Stefano,Gratten,sgrattenab@usa.gov,sgrattenab,Indianapolis,Indiana,46202
373,Nellie,Puller,npullerac@zdnet.com,npullerac,Dallas,Texas,75379
374,Cortney,Dedam,cdedamad@princeton.edu,cdedamad,Escondido,California,92030
375,Camille,Butterfint,cbutterfintae@yellowpages.com,cbutterfintae,Sioux City,Iowa,51105
376,Ronnie,Winmill,rwinmillaf@oakley.com,rwinmillaf,Raleigh,North Carolina,27635
377,Ase,Bridge,abridgeag@booking.com,abridgeag,Bronx,New York,10464
378,Natalee,Armatage,narmatageah@yahoo.co.jp,narmatageah,Annapolis,Maryland,21405
379,Ernestine,Prestney,eprestneyai@163.com,eprestneyai,New Orleans,Louisiana,70142
380,Alexi,Husk,ahuskaj@redcross.org,ahuskaj,Las Vegas,Nevada,89166
381,Joellen,Pheasant,jpheasantak@columbia.edu,jpheasantak,Honolulu,Hawaii,96835
382,Georgine,Danielski,gdanielskial@ehow.com,gdanielskial,Murfreesboro,Tennessee,37131
383,Dietrich,Olsson,dolssonam@usatoday.com,dolssonam,Washington,District of Columbia,20404
384,Mary,Severs,mseversan@artisteer.com,mseversan,Wichita,Kansas,67236
385,Agneta,Edowes,aedowesao@zimbio.com,aedowesao,Washington,District of Columbia,20041
386,Dame,Waszczyk,dwaszczykap@msu.edu,dwaszczykap,Fort Worth,Texas,76192
387,Obidiah,O'Crigan,oocriganaq@pbs.org,oocriganaq,Birmingham,Alabama,35290
388,Griz,Rosenstiel,grosenstielar@simplemachines.org,grosenstielar,Olympia,Washington,98516
389,Charmian,Gindghill,cgindghillas@disqus.com,cgindghillas,Louisville,Kentucky,40233
390,Horst,Omar,homarat@multiply.com,homarat,Atlanta,Georgia,30311
391,Gunter,Tapper,gtapperau@opensource.org,gtapperau,Wichita,Kansas,67205
392,Brice,Pick,bpickav@nasa.gov,bpickav,Milwaukee,Wisconsin,53285
393,Josselyn,Mensler,jmensleraw@theguardian.com,jmensleraw,Fort Lauderdale,Florida,33336
394,Jaquelin,Bloxsum,jbloxsumax@friendfeed.com,jbloxsumax,Austin,Texas,78754
395,Leilah,Wardington,lwardingtonay@msn.com,lwardingtonay,New Orleans,Louisiana,70149
396,Mitch,Miklem,mmiklemaz@imgur.com,mmiklemaz,Bridgeport,Connecticut,06673
397,Monty,Writtle,mwrittleb0@surveymonkey.com,mwrittleb0,Pompano Beach,Florida,33075
398,Conni,Joyes,cjoyesb1@domainmarket.com,cjoyesb1,New Haven,Connecticut,06505
399,Kiersten,Berger,kbergerb2@privacy.gov.au,kbergerb2,Roanoke,Virginia,24029
400,Millie,Woolsey,mwoolseyb3@dell.com,mwoolseyb3,Sioux Falls,South Dakota,57188
401,Rozelle,Denman,rdenmanb4@123-reg.co.uk,rdenmanb4,Norfolk,Virginia,23551
402,Kendrick,Aliberti,kalibertib5@army.mil,kalibertib5,Charleston,West Virginia,25313
403,Roth,Heggison,rheggisonb6@bigcartel.com,rheggisonb6,Saint Louis,Missouri,63136
404,Harmon,Dunsmuir,hdunsmuirb7@washingtonpost.com,hdunsmuirb7,Washington,District of Columbia,20088
405,Paulo,Tytcomb,ptytcombb8@spiegel.de,ptytcombb8,Duluth,Minnesota,55811
406,Enrique,Pinel,epinelb9@hud.gov,epinelb9,Amarillo,Texas,79176
407,Jo-anne,Gainseford,jgainsefordba@mysql.com,jgainsefordba,Omaha,Nebraska,68117
408,Conn,Pengelley,cpengelleybb@timesonline.co.uk,cpengelleybb,Tucson,Arizona,85715
409,Leif,Caught,lcaughtbc@istockphoto.com,lcaughtbc,Dallas,Texas,75231
410,Manny,Jeff,mjeffbd@usda.gov,mjeffbd,Minneapolis,Minnesota,55487
411,Sandi,Lamplough,slamploughbe@google.com,slamploughbe,Pocatello,Idaho,83206
412,Jephthah,Gallehock,jgallehockbf@google.com.au,jgallehockbf,Chicago,Illinois,60691
413,Ruthi,Mecozzi,rmecozzibg@prlog.org,rmecozzibg,Saint Petersburg,Florida,33737
414,Elysee,Drinkel,edrinkelbh@gizmodo.com,edrinkelbh,Columbus,Ohio,43284
415,Sherwood,Flahive,sflahivebi@zimbio.com,sflahivebi,Jamaica,New York,11431
416,Andree,Coslitt,acoslittbj@sun.com,acoslittbj,Louisville,Kentucky,40220
417,Enoch,Matsell,ematsellbk@infoseek.co.jp,ematsellbk,Las Vegas,Nevada,89155
418,Audie,Demangeot,ademangeotbl@goo.gl,ademangeotbl,Phoenix,Arizona,85045
419,Kinny,Girauld,kgirauldbm@engadget.com,kgirauldbm,East Saint Louis,Illinois,62205
420,Netti,Bigby,nbigbybn@cocolog-nifty.com,nbigbybn,Spokane,Washington,99210
421,Elisa,Hegg,eheggbo@creativecommons.org,eheggbo,Dallas,Texas,75221
422,Felipe,Klemensiewicz,fklemensiewiczbp@mlb.com,fklemensiewiczbp,Mobile,Alabama,36605
423,Darill,Andreone,dandreonebq@reverbnation.com,dandreonebq,Columbia,South Carolina,29208
424,Shayna,Elsom,selsombr@ucoz.com,selsombr,Minneapolis,Minnesota,55423
425,Michail,Bingham,mbinghambs@bloglovin.com,mbinghambs,Reno,Nevada,89505
426,Dusty,Streatfield,dstreatfieldbt@examiner.com,dstreatfieldbt,Chicago,Illinois,60604
427,Pietra,Wansbury,pwansburybu@twitpic.com,pwansburybu,Tucson,Arizona,85725
428,Mathilda,McCullock,mmccullockbv@pcworld.com,mmccullockbv,Kansas City,Missouri,64179
429,Sol,Faires,sfairesbw@storify.com,sfairesbw,Denver,Colorado,80223
430,Mathilda,Fryman,mfrymanbx@cocolog-nifty.com,mfrymanbx,Washington,District of Columbia,20442
431,Con,Sugden,csugdenby@flickr.com,csugdenby,Springfield,Illinois,62776
432,Jessa,Christoffe,jchristoffebz@51.la,jchristoffebz,Los Angeles,California,90005
433,Cinnamon,Stowe,cstowec0@cisco.com,cstowec0,Arlington,Texas,76016
434,Cissiee,Caldaro,ccaldaroc1@bluehost.com,ccaldaroc1,New York City,New York,10160
435,Donielle,Starbucke,dstarbuckec2@geocities.com,dstarbuckec2,Carson City,Nevada,89714
436,Pacorro,Nemchinov,pnemchinovc3@youtube.com,pnemchinovc3,Bloomington,Indiana,47405
437,Merralee,Branca,mbrancac4@blogger.com,mbrancac4,Oakland,California,94660
438,Codi,Sherebrooke,csherebrookec5@nationalgeographic.com,csherebrookec5,Saint Louis,Missouri,63121
439,Ignacio,Stroton,istrotonc6@washingtonpost.com,istrotonc6,Boca Raton,Florida,33432
440,Isahella,Connett,iconnettc7@wix.com,iconnettc7,Peoria,Illinois,61651
441,Sherrie,Soames,ssoamesc8@diigo.com,ssoamesc8,Young America,Minnesota,55551
442,Nita,Tredgold,ntredgoldc9@slashdot.org,ntredgoldc9,Baltimore,Maryland,21211
443,Corbett,Stanbro,cstanbroca@examiner.com,cstanbroca,Springfield,Illinois,62756
444,Rafe,Molen,rmolencb@hao123.com,rmolencb,Hagerstown,Maryland,21747
445,Mavra,Sagrott,msagrottcc@netlog.com,msagrottcc,Littleton,Colorado,80126
446,Darbee,Oloman,dolomancd@purevolume.com,dolomancd,New York City,New York,10155
447,Michele,Glyde,mglydece@is.gd,mglydece,Jacksonville,Florida,32230
448,Nikos,Rampley,nrampleycf@arstechnica.com,nrampleycf,North Hollywood,California,91616
449,Shanie,Spaxman,sspaxmancg@sciencedirect.com,sspaxmancg,San Antonio,Texas,78230
450,Chrystel,Riccione,criccionech@google.cn,criccionech,Lake Worth,Florida,33462
451,Waring,Flowerdew,wflowerdewci@springer.com,wflowerdewci,Los Angeles,California,90020
452,Mill,Dando,mdandocj@va.gov,mdandocj,Gainesville,Florida,32610
453,Eugenio,Lavery,elaveryck@wikipedia.org,elaveryck,Winston Salem,North Carolina,27105
454,Stefano,Camacho,scamachocl@wunderground.com,scamachocl,High Point,North Carolina,27264
455,Latia,Wallbanks,lwallbankscm@tripod.com,lwallbankscm,Philadelphia,Pennsylvania,19109
456,Evvie,Solway,esolwaycn@businesswire.com,esolwaycn,Philadelphia,Pennsylvania,19115
457,Itch,Stirrip,istirripco@harvard.edu,istirripco,Miami,Florida,33185
458,Derry,Sillett,dsillettcp@yahoo.com,dsillettcp,Los Angeles,California,90020
459,Wilmette,Gosswell,wgosswellcq@oaic.gov.au,wgosswellcq,Boston,Massachusetts,02163
460,Donnell,Bromilow,dbromilowcr@dailymotion.com,dbromilowcr,Dayton,Ohio,45454
461,Kerianne,Jursch,kjurschcs@360.cn,kjurschcs,Duluth,Minnesota,55805
462,Tomi,Lorens,tlorensct@admin.ch,tlorensct,Louisville,Kentucky,40215
463,Gwyn,Rove,grovecu@aol.com,grovecu,Lancaster,Pennsylvania,17622
464,Dillon,Dack,ddackcv@amazonaws.com,ddackcv,Waterbury,Connecticut,06726
465,Michel,Ledekker,mledekkercw@goodreads.com,mledekkercw,Salt Lake City,Utah,84130
466,Karissa,Cunrado,kcunradocx@cbsnews.com,kcunradocx,Chicago,Illinois,60674
467,Torrey,Pincott,tpincottcy@odnoklassniki.ru,tpincottcy,Los Angeles,California,90025
468,Manolo,Kubecka,mkubeckacz@narod.ru,mkubeckacz,Charleston,West Virginia,25313
469,Blondy,Rowston,browstond0@tripadvisor.com,browstond0,Akron,Ohio,44393
470,Blinny,Mariotte,bmariotted1@free.fr,bmariotted1,New Orleans,Louisiana,70149
471,Bendite,Prantoni,bprantonid2@spotify.com,bprantonid2,Torrance,California,90505
472,Allen,Tante,atanted3@google.ca,atanted3,Los Angeles,California,90025
473,Johnath,Skin,jskind4@flavors.me,jskind4,Pocatello,Idaho,83206
474,Willabella,Soutter,wsoutterd5@cisco.com,wsoutterd5,San Bernardino,California,92424
475,Merrie,Wallen,mwallend6@amazon.co.jp,mwallend6,Jacksonville,Florida,32277
476,Bianka,Attock,battockd7@51.la,battockd7,Pittsburgh,Pennsylvania,15230
477,Nicolis,Mongeot,nmongeotd8@bing.com,nmongeotd8,Memphis,Tennessee,38126
478,Sella,Greenfield,sgreenfieldd9@pcworld.com,sgreenfieldd9,Las Vegas,Nevada,89166
479,Boy,Fitchett,bfitchettda@devhub.com,bfitchettda,Houston,Texas,77040
480,Shalom,Bergstrand,sbergstranddb@google.pl,sbergstranddb,Atlanta,Georgia,31196
481,Brenna,Kenworthey,bkenwortheydc@gmpg.org,bkenwortheydc,San Diego,California,92176
482,Therine,Mathison,tmathisondd@ocn.ne.jp,tmathisondd,York,Pennsylvania,17405
483,Chan,Coldridge,ccoldridgede@examiner.com,ccoldridgede,Baltimore,Maryland,21281
484,Erminie,Wrey,ewreydf@shinystat.com,ewreydf,Modesto,California,95354
485,Loise,McCaughey,lmccaugheydg@biglobe.ne.jp,lmccaugheydg,Jackson,Mississippi,39296
486,Amelia,Speere,aspeeredh@wikia.com,aspeeredh,Birmingham,Alabama,35236
487,Whit,Ferreira,wferreiradi@wisc.edu,wferreiradi,San Jose,California,95173
488,Christa,Rapi,crapidj@mlb.com,crapidj,Miami,Florida,33283
489,Dante,Bramsom,dbramsomdk@people.com.cn,dbramsomdk,Wilmington,Delaware,19897
490,Helena,Learoid,hlearoiddl@sogou.com,hlearoiddl,Virginia Beach,Virginia,23454
491,Maynard,Barrett,mbarrettdm@uol.com.br,mbarrettdm,Aurora,Illinois,60505
492,Analise,Le Huquet,alehuquetdn@weebly.com,alehuquetdn,South Lake Tahoe,California,96154
493,Bevon,Havill,bhavilldo@nsw.gov.au,bhavilldo,Wilmington,Delaware,19810
494,Wye,Dawidowicz,wdawidowiczdp@whitehouse.gov,wdawidowiczdp,Winston Salem,North Carolina,27116
495,Halsey,Denyukin,hdenyukindq@vimeo.com,hdenyukindq,Baltimore,Maryland,21229
496,Leese,Pattle,lpattledr@utexas.edu,lpattledr,Jackson,Mississippi,39210
497,Melany,Milnes,mmilnesds@github.io,mmilnesds,Orlando,Florida,32891
498,Sancho,Stiling,sstilingdt@businessinsider.com,sstilingdt,Lakeland,Florida,33805
499,Nealon,Cowern,ncowerndu@paypal.com,ncowerndu,Fort Worth,Texas,76198
500,Connie,Speariett,cspeariettdv@marriott.com,cspeariettdv,Arlington,Texas,76016
501,Dorette,Blabey,dblabeydw@behance.net,dblabeydw,Houston,Texas,77212
502,Darlleen,Kulic,dkulicdx@mediafire.com,dkulicdx,Jacksonville,Florida,32244
503,Charissa,Crummay,ccrummaydy@google.es,ccrummaydy,Charlotte,North Carolina,28235
504,Annissa,Bullick,abullickdz@cbsnews.com,abullickdz,Cheyenne,Wyoming,82007
505,Conny,Baudone,cbaudonee0@ibm.com,cbaudonee0,Paterson,New Jersey,07505
506,Patric,Bartolacci,pbartolaccie1@de.vu,pbartolaccie1,Hartford,Connecticut,06105
507,Farand,Palin,fpaline2@discovery.com,fpaline2,Oklahoma City,Oklahoma,73197
508,Sioux,Serrels,sserrelse3@oracle.com,sserrelse3,Fairbanks,Alaska,99790
509,Jacquelyn,Werny,jwernye4@theglobeandmail.com,jwernye4,Columbia,Missouri,65218
510,Bryn,Farnhill,bfarnhille5@google.es,bfarnhille5,Salt Lake City,Utah,84115
511,Alastair,Guest,agueste6@imageshack.us,agueste6,Troy,Michigan,48098
512,Chandler,Novakovic,cnovakovice7@studiopress.com,cnovakovice7,Virginia Beach,Virginia,23464
513,Tasha,Wasiela,twasielae8@cloudflare.com,twasielae8,Trenton,New Jersey,08608
514,Noland,Fawdrie,nfawdriee9@techcrunch.com,nfawdriee9,Washington,District of Columbia,20436
515,Gayle,Itzak,gitzakea@bandcamp.com,gitzakea,Columbus,Ohio,43210
516,Trace,Riolfo,triolfoeb@biglobe.ne.jp,triolfoeb,Duluth,Minnesota,55805
517,Tammy,Vennart,tvennartec@homestead.com,tvennartec,El Paso,Texas,79999
518,Genia,McCrann,gmccranned@prlog.org,gmccranned,Gastonia,North Carolina,28055
519,Freddi,Stolte,fstolteee@spiegel.de,fstolteee,El Paso,Texas,79945
520,Danella,Tordoff,dtordoffef@photobucket.com,dtordoffef,Scranton,Pennsylvania,18514
521,Caz,Leason,cleasoneg@bbc.co.uk,cleasoneg,Tucson,Arizona,85710
522,Sampson,Tavernor,stavernoreh@ustream.tv,stavernoreh,Saint Louis,Missouri,63196
523,Justin,Bockett,jbockettei@mashable.com,jbockettei,Beaumont,Texas,77713
524,El,Brunsen,ebrunsenej@google.ca,ebrunsenej,Abilene,Texas,79699
525,Augustine,Langelaan,alangelaanek@marriott.com,alangelaanek,Minneapolis,Minnesota,55458
526,Lenard,Clemson,lclemsonel@dailymotion.com,lclemsonel,Houston,Texas,77070
527,Rorie,Clixby,rclixbyem@google.com.br,rclixbyem,Miami,Florida,33134
528,Juliette,Wilmington,jwilmingtonen@tinypic.com,jwilmingtonen,Lexington,Kentucky,40591
529,Concordia,Kryzhov,ckryzhoveo@sciencedaily.com,ckryzhoveo,Murfreesboro,Tennessee,37131
530,Eddy,Czyz,eczyzep@github.io,eczyzep,Bismarck,North Dakota,58505
531,Emelita,Cortese,ecorteseeq@lulu.com,ecorteseeq,Pittsburgh,Pennsylvania,15286
532,Esmeralda,Borgars,eborgarser@constantcontact.com,eborgarser,Fort Worth,Texas,76178
533,Mireielle,Jarrad,mjarrades@timesonline.co.uk,mjarrades,Bakersfield,California,93399
534,Sacha,MacMaster,smacmasteret@apache.org,smacmasteret,Houston,Texas,77055
535,Angie,Pauletti,apaulettieu@feedburner.com,apaulettieu,Oklahoma City,Oklahoma,73179
536,Leigha,O'Dyvoy,lodyvoyev@wikia.com,lodyvoyev,Albuquerque,New Mexico,87110
537,Brennan,Stirrip,bstirripew@lycos.com,bstirripew,Wichita,Kansas,67210
538,Ottilie,Issitt,oissittex@wunderground.com,oissittex,Ashburn,Virginia,22093
539,Bud,Pleaden,bpleadeney@amazon.de,bpleadeney,Utica,New York,13505
540,Bruno,Cunniam,bcunniamez@thetimes.co.uk,bcunniamez,Amarillo,Texas,79188
541,Clio,Fritschel,cfritschelf0@reference.com,cfritschelf0,New Orleans,Louisiana,70149
542,Ulberto,Mangion,umangionf1@boston.com,umangionf1,Birmingham,Alabama,35285
543,Ddene,Punton,dpuntonf2@skype.com,dpuntonf2,San Francisco,California,94164
544,Christie,McMearty,cmcmeartyf3@blogs.com,cmcmeartyf3,Birmingham,Alabama,35225
545,Amelia,Hylands,ahylandsf4@discovery.com,ahylandsf4,Lincoln,Nebraska,68531
546,Robers,Scole,rscolef5@slate.com,rscolef5,Salt Lake City,Utah,84115
547,Lutero,Dillaway,ldillawayf6@foxnews.com,ldillawayf6,Port Washington,New York,11054
548,Gerta,Clother,gclotherf7@nhs.uk,gclotherf7,Fresno,California,93715
549,Mildrid,Drinnan,mdrinnanf8@trellian.com,mdrinnanf8,Houston,Texas,77010
550,Mady,Zanetello,mzanetellof9@t.co,mzanetellof9,Scottsdale,Arizona,85260
551,Jessy,Furlong,jfurlongfa@hc360.com,jfurlongfa,Torrance,California,90510
552,Claudio,Surmeyers,csurmeyersfb@seesaa.net,csurmeyersfb,Midland,Texas,79705
553,Ameline,MacAne,amacanefc@e-recht24.de,amacanefc,Washington,District of Columbia,20231
554,Allsun,Jermyn,ajermynfd@noaa.gov,ajermynfd,Atlanta,Georgia,30368
555,Starlene,Olliff,sollifffe@joomla.org,sollifffe,Honolulu,Hawaii,96835
556,Carson,Heathwood,cheathwoodff@google.com,cheathwoodff,Tallahassee,Florida,32309
557,Viviene,Kaine,vkainefg@behance.net,vkainefg,Austin,Texas,78726
558,Freeland,Rangall,frangallfh@statcounter.com,frangallfh,Columbus,Mississippi,39705
559,Sybyl,Henner,shennerfi@theguardian.com,shennerfi,Sacramento,California,95838
560,Maurits,O'Lennane,molennanefj@i2i.jp,molennanefj,Phoenix,Arizona,85030
561,Audrey,Sutherley,asutherleyfk@whitehouse.gov,asutherleyfk,Richmond,Virginia,23213
562,Niels,Gavahan,ngavahanfl@epa.gov,ngavahanfl,El Paso,Texas,79928
563,Jo,Ewers,jewersfm@photobucket.com,jewersfm,San Diego,California,92110
564,Kara-lynn,Dungate,kdungatefn@usnews.com,kdungatefn,New York City,New York,10249
565,Aylmer,Croydon,acroydonfo@ask.com,acroydonfo,Houston,Texas,77240
566,Stesha,Phayre,sphayrefp@com.com,sphayrefp,Lubbock,Texas,79410
567,Erl,Sarfati,esarfatifq@miibeian.gov.cn,esarfatifq,Little Rock,Arkansas,72204
568,Elvyn,Mytton,emyttonfr@google.co.jp,emyttonfr,Bakersfield,California,93311
569,Bridie,Devonald,bdevonaldfs@posterous.com,bdevonaldfs,Milwaukee,Wisconsin,53220
570,Cecil,Glasner,cglasnerft@vistaprint.com,cglasnerft,Miami,Florida,33169
571,Emmet,Menicomb,emenicombfu@slideshare.net,emenicombfu,Spokane,Washington,99220
572,Clywd,Degoix,cdegoixfv@bbb.org,cdegoixfv,Ridgely,Maryland,21684
573,Lorenzo,Mucklo,lmucklofw@tumblr.com,lmucklofw,Milwaukee,Wisconsin,53225
574,Kirbie,Rawkesby,krawkesbyfx@walmart.com,krawkesbyfx,Carson City,Nevada,89714
575,Benjy,Oddboy,boddboyfy@harvard.edu,boddboyfy,Norcross,Georgia,30092
576,Patsy,McGlashan,pmcglashanfz@ted.com,pmcglashanfz,Washington,District of Columbia,20599
577,Benn,Franzoli,bfranzolig0@soundcloud.com,bfranzolig0,Jeffersonville,Indiana,47134
578,Roxi,Batsford,rbatsfordg1@amazon.com,rbatsfordg1,Knoxville,Tennessee,37995
579,Vernen,Hill,vhillg2@lycos.com,vhillg2,Troy,Michigan,48098
580,Carroll,Pearmine,cpearmineg3@cafepress.com,cpearmineg3,Metairie,Louisiana,70033
581,Wernher,Scougal,wscougalg4@twitter.com,wscougalg4,Terre Haute,Indiana,47812
582,Alana,Bunton,abuntong5@ifeng.com,abuntong5,Mobile,Alabama,36689
583,Raphael,Cometto,rcomettog6@stumbleupon.com,rcomettog6,Pensacola,Florida,32520
584,Orel,Norres,onorresg7@netvibes.com,onorresg7,Galveston,Texas,77554
585,Kennie,Grevel,kgrevelg8@infoseek.co.jp,kgrevelg8,Fort Lauderdale,Florida,33325
586,Neysa,Snaden,nsnadeng9@salon.com,nsnadeng9,Saint Louis,Missouri,63143
587,Faulkner,Maddaford,fmaddafordga@ox.ac.uk,fmaddafordga,Las Vegas,Nevada,89120
588,Blake,Bittlestone,bbittlestonegb@accuweather.com,bbittlestonegb,San Francisco,California,94110
589,Elinore,Trout,etroutgc@blogspot.com,etroutgc,San Jose,California,95155
590,Viviana,Kenset,vkensetgd@barnesandnoble.com,vkensetgd,Spring Hill,Florida,34611
591,Tomasine,Greaterex,tgreaterexge@xrea.com,tgreaterexge,Birmingham,Alabama,35285
592,Grata,Soden,gsodengf@tinypic.com,gsodengf,Baton Rouge,Louisiana,70836
593,Catriona,Symcox,csymcoxgg@free.fr,csymcoxgg,Boston,Massachusetts,02298
594,Giuditta,Godlonton,ggodlontongh@goodreads.com,ggodlontongh,Oceanside,California,92056
595,Ashly,Larive,alarivegi@purevolume.com,alarivegi,New York City,New York,10115
596,Corbie,Eusden,ceusdengj@theguardian.com,ceusdengj,Charleston,West Virginia,25389
597,Fanchon,Dongall,fdongallgk@ucsd.edu,fdongallgk,Pomona,California,91797
598,Cynthea,Spencley,cspencleygl@walmart.com,cspencleygl,Metairie,Louisiana,70033
599,Hedy,Coulton,hcoultongm@yelp.com,hcoultongm,Las Vegas,Nevada,89105
600,Jard,Bilbie,jbilbiegn@google.it,jbilbiegn,Arlington,Texas,76096
601,Robyn,Gabriely,rgabrielygo@jigsy.com,rgabrielygo,Charlotte,North Carolina,28284
602,Lela,Martynov,lmartynovgp@comcast.net,lmartynovgp,Columbia,Missouri,65218
603,Sayre,Broxholme,sbroxholmegq@si.edu,sbroxholmegq,New York City,New York,10292
604,Desirae,Piddle,dpiddlegr@sourceforge.net,dpiddlegr,Austin,Texas,78754
605,Loise,Stockford,lstockfordgs@miitbeian.gov.cn,lstockfordgs,Washington,District of Columbia,20231
606,Jae,Olivari,jolivarigt@vinaora.com,jolivarigt,Newark,New Jersey,07195
607,Margaret,Aspall,maspallgu@reuters.com,maspallgu,Wichita,Kansas,67210
608,Enrichetta,Dolohunty,edolohuntygv@soundcloud.com,edolohuntygv,Wichita,Kansas,67260
609,Keen,Simonou,ksimonougw@chicagotribune.com,ksimonougw,Charlotte,North Carolina,28230
610,Cris,Quarrell,cquarrellgx@sakura.ne.jp,cquarrellgx,Boston,Massachusetts,02208
611,Krissie,Mountcastle,kmountcastlegy@symantec.com,kmountcastlegy,San Diego,California,92145
612,Alla,Stoppe,astoppegz@ning.com,astoppegz,Dallas,Texas,75372
613,Caralie,Sillick,csillickh0@github.com,csillickh0,Saint Paul,Minnesota,55166
614,Tuck,Aspital,taspitalh1@elegantthemes.com,taspitalh1,Portland,Oregon,97211
615,Connor,McElmurray,cmcelmurrayh2@nih.gov,cmcelmurrayh2,Dallas,Texas,75236
616,Yovonnda,Reichartz,yreichartzh3@netlog.com,yreichartzh3,Salt Lake City,Utah,84135
617,Nichole,Labrow,nlabrowh4@dion.ne.jp,nlabrowh4,San Diego,California,92160
618,Dulcia,Somerville,dsomervilleh5@dropbox.com,dsomervilleh5,Arvada,Colorado,80005
619,Aubert,Brigham,abrighamh6@nhs.uk,abrighamh6,Washington,District of Columbia,20005
620,Trey,Cottis,tcottish7@about.com,tcottish7,Boston,Massachusetts,02124
621,Cyndy,Campe,ccampeh8@utexas.edu,ccampeh8,Pittsburgh,Pennsylvania,15225
622,Frederick,Kubista,fkubistah9@nydailynews.com,fkubistah9,Los Angeles,California,90015
623,Adiana,Dick,adickha@census.gov,adickha,New Haven,Connecticut,06505
624,Bancroft,Elmes,belmeshb@addtoany.com,belmeshb,Roanoke,Virginia,24014
625,Ada,Charlon,acharlonhc@ucoz.com,acharlonhc,Kansas City,Missouri,64187
626,Cob,Ellis,cellishd@phoca.cz,cellishd,Fairbanks,Alaska,99790
627,Keen,Mouan,kmouanhe@ovh.net,kmouanhe,Providence,Rhode Island,02912
628,Marjory,Ambroix,mambroixhf@photobucket.com,mambroixhf,Trenton,New Jersey,08638
629,Bette-ann,Pattesall,bpattesallhg@europa.eu,bpattesallhg,Erie,Pennsylvania,16565
630,Lindie,Myers,lmyershh@cloudflare.com,lmyershh,El Paso,Texas,79984
631,Tammy,Brusin,tbrusinhi@twitpic.com,tbrusinhi,Austin,Texas,78749
632,Sydney,Markovich,smarkovichhj@epa.gov,smarkovichhj,Rockville,Maryland,20851
633,Rorie,Wilshire,rwilshirehk@si.edu,rwilshirehk,Greenville,South Carolina,29605
634,Willa,Van den Oord,wvandenoordhl@360.cn,wvandenoordhl,Brooklyn,New York,11254
635,Felicity,Bonhomme,fbonhommehm@scientificamerican.com,fbonhommehm,Louisville,Kentucky,40205
636,Maddi,Goodbarr,mgoodbarrhn@surveymonkey.com,mgoodbarrhn,Washington,District of Columbia,20520
637,Orton,Tomkowicz,otomkowiczho@businessinsider.com,otomkowiczho,Shawnee Mission,Kansas,66215
638,Clevie,Hrihorovich,chrihorovichhp@typepad.com,chrihorovichhp,New York City,New York,10110
639,Ronnie,De Lorenzo,rdelorenzohq@zdnet.com,rdelorenzohq,Las Vegas,Nevada,89125
640,Margalit,Loveguard,mloveguardhr@cdc.gov,mloveguardhr,Miami Beach,Florida,33141
641,Lowe,Haighton,lhaightonhs@sfgate.com,lhaightonhs,Colorado Springs,Colorado,80940
642,Ailene,Eake,aeakeht@earthlink.net,aeakeht,Inglewood,California,90305
643,Jillie,Ranaghan,jranaghanhu@addtoany.com,jranaghanhu,Elmira,New York,14905
644,Alleen,Askem,aaskemhv@alibaba.com,aaskemhv,Charleston,West Virginia,25362
645,Nevsa,Lorand,nlorandhw@blogtalkradio.com,nlorandhw,Saint Louis,Missouri,63126
646,Jarrad,Brockwell,jbrockwellhx@intel.com,jbrockwellhx,Tacoma,Washington,98481
647,Walton,Espinha,wespinhahy@typepad.com,wespinhahy,Norfolk,Virginia,23551
648,Yule,Guiduzzi,yguiduzzihz@ucoz.com,yguiduzzihz,San Diego,California,92115
649,Ragnar,Allsopp,rallsoppi0@hhs.gov,rallsoppi0,Washington,District of Columbia,20370
650,Denyse,MacCroary,dmaccroaryi1@wikimedia.org,dmaccroaryi1,Lansing,Michigan,48901
651,Corabelle,Petrelli,cpetrellii2@webeden.co.uk,cpetrellii2,Cleveland,Ohio,44197
652,Justino,Zahor,jzahori3@cisco.com,jzahori3,Salt Lake City,Utah,84189
653,Deb,Bonniface,dbonnifacei4@microsoft.com,dbonnifacei4,Detroit,Michigan,48211
654,Wain,Elston,welstoni5@scribd.com,welstoni5,Knoxville,Tennessee,37931
655,Giffard,Dougary,gdougaryi6@plala.or.jp,gdougaryi6,Fresno,California,93726
656,Lucio,Hyde,lhydei7@printfriendly.com,lhydei7,Ogden,Utah,84409
657,Payton,Cabbell,pcabbelli8@guardian.co.uk,pcabbelli8,Pittsburgh,Pennsylvania,15230
658,Fenelia,Regus,fregusi9@timesonline.co.uk,fregusi9,New York City,New York,10150
659,Marcos,Bellinger,mbellingeria@hibu.com,mbellingeria,Shreveport,Louisiana,71130
660,Jules,Claworth,jclaworthib@quantcast.com,jclaworthib,Houston,Texas,77250
661,Norina,Dmitr,ndmitric@google.com.au,ndmitric,Palmdale,California,93591
662,Pat,Tibbs,ptibbsid@time.com,ptibbsid,Tacoma,Washington,98424
663,Crista,Dalliwatr,cdalliwatrie@liveinternet.ru,cdalliwatrie,Santa Barbara,California,93150
664,Elysee,Pilbeam,epilbeamif@nps.gov,epilbeamif,Modesto,California,95354
665,Belva,Buckland,bbucklandig@jiathis.com,bbucklandig,Sioux City,Iowa,51110
666,Gilles,Blewmen,gblewmenih@w3.org,gblewmenih,Cincinnati,Ohio,45223
667,Marris,Feldharker,mfeldharkerii@indiegogo.com,mfeldharkerii,Los Angeles,California,90071
668,Markos,Dell'Abbate,mdellabbateij@businesswire.com,mdellabbateij,Knoxville,Tennessee,37924
669,Lannie,Gusney,lgusneyik@yolasite.com,lgusneyik,Aurora,Colorado,80044
670,Caria,Gentiry,cgentiryil@google.ru,cgentiryil,San Bernardino,California,92415
671,Davey,Ugo,dugoim@hubpages.com,dugoim,New Haven,Connecticut,06533
672,Jozef,Cleynman,jcleynmanin@miitbeian.gov.cn,jcleynmanin,Sacramento,California,94263
673,Wendi,Bankhurst,wbankhurstio@ning.com,wbankhurstio,Dallas,Texas,75387
674,Vina,Genge,vgengeip@nhs.uk,vgengeip,Pittsburgh,Pennsylvania,15286
675,Cyndie,Danilyuk,cdanilyukiq@shinystat.com,cdanilyukiq,Columbia,South Carolina,29215
676,Andra,Beatey,abeateyir@weather.com,abeateyir,Fort Smith,Arkansas,72916
677,Claybourne,Lonsbrough,clonsbroughis@harvard.edu,clonsbroughis,Sacramento,California,94280
678,Tierney,Preble,tprebleit@telegraph.co.uk,tprebleit,El Paso,Texas,79923
679,Kathy,Lappin,klappiniu@tripadvisor.com,klappiniu,Toledo,Ohio,43635
680,Bridget,Shalcros,bshalcrosiv@ucoz.com,bshalcrosiv,Southfield,Michigan,48076
681,Bogart,Frostick,bfrostickiw@oaic.gov.au,bfrostickiw,Bryan,Texas,77806
682,Katusha,Websdale,kwebsdaleix@t-online.de,kwebsdaleix,El Paso,Texas,88541
683,Lynett,Paxton,lpaxtoniy@nih.gov,lpaxtoniy,Washington,District of Columbia,20260
684,Roselia,Beurich,rbeurichiz@webnode.com,rbeurichiz,Brockton,Massachusetts,02305
685,Winnie,Worsnip,wworsnipj0@multiply.com,wworsnipj0,New York City,New York,10160
686,Kandy,Sprott,ksprottj1@so-net.ne.jp,ksprottj1,Baltimore,Maryland,21275
687,Nance,Keeltagh,nkeeltaghj2@imageshack.us,nkeeltaghj2,El Paso,Texas,79940
688,Stacey,Fishenden,sfishendenj3@shinystat.com,sfishendenj3,Waltham,Massachusetts,02453
689,Joyous,Cay,jcayj4@nps.gov,jcayj4,Mansfield,Ohio,44905
690,Edvard,Britland,ebritlandj5@printfriendly.com,ebritlandj5,Racine,Wisconsin,53405
691,Conn,Maydwell,cmaydwellj6@whitehouse.gov,cmaydwellj6,Austin,Texas,78703
692,Cicily,Stollwerck,cstollwerckj7@studiopress.com,cstollwerckj7,Brooklyn,New York,11231
693,Amata,Matonin,amatoninj8@spiegel.de,amatoninj8,Springfield,Massachusetts,01105
694,Esmaria,Dollimore,edollimorej9@w3.org,edollimorej9,Newark,New Jersey,07195
695,Jamima,Schooley,jschooleyja@twitter.com,jschooleyja,New Orleans,Louisiana,70129
696,Bella,Whitehall,bwhitehalljb@hugedomains.com,bwhitehalljb,Dallas,Texas,75353
697,Wenona,Shelbourne,wshelbournejc@sitemeter.com,wshelbournejc,Tallahassee,Florida,32309
698,Orazio,Beeze,obeezejd@yandex.ru,obeezejd,New Haven,Connecticut,06520
699,Ronna,Fanthom,rfanthomje@admin.ch,rfanthomje,Garden Grove,California,92645
700,Rici,Bayman,rbaymanjf@shutterfly.com,rbaymanjf,Charlotte,North Carolina,28263
701,Hodge,Normandale,hnormandalejg@scribd.com,hnormandalejg,Gainesville,Georgia,30506
702,Hildagarde,Robelow,hrobelowjh@51.la,hrobelowjh,Raleigh,North Carolina,27690
703,Johnny,Casini,jcasiniji@wsj.com,jcasiniji,Saginaw,Michigan,48609
704,Jilli,Boyes,jboyesjj@telegraph.co.uk,jboyesjj,New York City,New York,10150
705,Sheffie,Woodall,swoodalljk@phoca.cz,swoodalljk,New York City,New York,10165
706,Kalli,Hursthouse,khursthousejl@slideshare.net,khursthousejl,Orange,California,92867
707,Gustaf,Compson,gcompsonjm@51.la,gcompsonjm,Des Moines,Iowa,50335
708,Sarita,Pedrozzi,spedrozzijn@hostgator.com,spedrozzijn,Alpharetta,Georgia,30022
709,Nerte,Cone,nconejo@topsy.com,nconejo,Durham,North Carolina,27717
710,Agretha,Smouten,asmoutenjp@plala.or.jp,asmoutenjp,Indianapolis,Indiana,46231
711,Andreana,Delamar,adelamarjq@jugem.jp,adelamarjq,Kansas City,Missouri,64130
712,Annice,Redhills,aredhillsjr@yolasite.com,aredhillsjr,Kansas City,Missouri,64101
713,Jonathan,Impey,jimpeyjs@fema.gov,jimpeyjs,Wilmington,Delaware,19897
714,Dot,Trevarthen,dtrevarthenjt@nasa.gov,dtrevarthenjt,Orlando,Florida,32830
715,Giovanni,Hamlington,ghamlingtonju@freewebs.com,ghamlingtonju,Los Angeles,California,90060
716,Layne,Regnard,lregnardjv@bloglines.com,lregnardjv,Seminole,Florida,34642
717,Gisele,Darwen,gdarwenjw@eventbrite.com,gdarwenjw,Arlington,Texas,76096
718,Mei,Tenby,mtenbyjx@springer.com,mtenbyjx,Tyler,Texas,75799
719,Johna,Binge,jbingejy@blog.com,jbingejy,Greensboro,North Carolina,27455
720,Peadar,Carvill,pcarvilljz@hibu.com,pcarvilljz,Houston,Texas,77201
721,Sasha,Hartin,shartink0@intel.com,shartink0,Jackson,Mississippi,39204
722,Flem,Tee,fteek1@fema.gov,fteek1,Houston,Texas,77218
723,Julietta,Danilenko,jdanilenkok2@vk.com,jdanilenkok2,El Paso,Texas,88558
724,Ingelbert,Hassekl,ihasseklk3@biblegateway.com,ihasseklk3,Fresno,California,93721
725,Hillard,Kapelhoff,hkapelhoffk4@stanford.edu,hkapelhoffk4,Atlanta,Georgia,30351
726,Sherlock,Guerreru,sguerreruk5@devhub.com,sguerreruk5,Conroe,Texas,77305
727,Yule,Provis,yprovisk6@bluehost.com,yprovisk6,Vero Beach,Florida,32969
728,Abbie,Hedan,ahedank7@cdc.gov,ahedank7,Birmingham,Alabama,35210
729,Stormi,Flanne,sflannek8@ifeng.com,sflannek8,Daytona Beach,Florida,32123
730,Simona,Ragsdale,sragsdalek9@merriam-webster.com,sragsdalek9,Springfield,Illinois,62718
731,Grissel,Phil,gphilka@chron.com,gphilka,Minneapolis,Minnesota,55487
732,Welbie,Caught,wcaughtkb@flavors.me,wcaughtkb,Asheville,North Carolina,28805
733,Oran,Escale,oescalekc@elegantthemes.com,oescalekc,San Angelo,Texas,76905
734,Martha,Stedell,mstedellkd@huffingtonpost.com,mstedellkd,Trenton,New Jersey,08619
735,Emmet,Spolton,espoltonke@imdb.com,espoltonke,San Antonio,Texas,78215
736,Aimee,Macari,amacarikf@dion.ne.jp,amacarikf,Dallas,Texas,75392
737,Letti,Symms,lsymmskg@mtv.com,lsymmskg,Pompano Beach,Florida,33069
738,Roz,Griffitts,rgriffittskh@zdnet.com,rgriffittskh,Springfield,Virginia,22156
739,Clea,Tchir,ctchirki@wired.com,ctchirki,Harrisburg,Pennsylvania,17121
740,Duky,Ajsik,dajsikkj@intel.com,dajsikkj,Santa Ana,California,92725
741,Ediva,Elies,eelieskk@economist.com,eelieskk,Savannah,Georgia,31422
742,Jamison,Osmar,josmarkl@ehow.com,josmarkl,Washington,District of Columbia,20215
743,Flossie,Kidney,fkidneykm@twitpic.com,fkidneykm,Glendale,Arizona,85311
744,Vere,Carlesi,vcarlesikn@washington.edu,vcarlesikn,Cleveland,Ohio,44191
745,Bertine,Regglar,bregglarko@ow.ly,bregglarko,Fort Worth,Texas,76192
746,Mariya,Lenglet,mlengletkp@mashable.com,mlengletkp,Davenport,Iowa,52804
747,Ashly,Cornely,acornelykq@craigslist.org,acornelykq,Louisville,Kentucky,40210
748,Mariejeanne,MacNeish,mmacneishkr@independent.co.uk,mmacneishkr,Atlanta,Georgia,30375
749,Dulcea,Mennithorp,dmennithorpks@epa.gov,dmennithorpks,Maple Plain,Minnesota,55572
750,Clywd,Clutheram,cclutheramkt@usatoday.com,cclutheramkt,Wilmington,Delaware,19892
751,Donnie,Bohlin,dbohlinku@craigslist.org,dbohlinku,Baton Rouge,Louisiana,70883
752,Minny,Bullene,mbullenekv@issuu.com,mbullenekv,Baltimore,Maryland,21281
753,Albie,Druce,adrucekw@jalbum.net,adrucekw,Chesapeake,Virginia,23324
754,Monte,Worden,mwordenkx@princeton.edu,mwordenkx,Charlotte,North Carolina,28230
755,Pier,Ringe,pringeky@fda.gov,pringeky,Jackson,Mississippi,39210
756,Pansy,Reah,preahkz@china.com.cn,preahkz,Shawnee Mission,Kansas,66220
757,Veronike,Fingleton,vfingletonl0@51.la,vfingletonl0,Fairbanks,Alaska,99790
758,Roldan,Andrejevic,randrejevicl1@huffingtonpost.com,randrejevicl1,Omaha,Nebraska,68144
759,Lisbeth,Blodg,lblodgl2@dell.com,lblodgl2,Des Moines,Iowa,50305
760,Skippy,Ingrem,singreml3@photobucket.com,singreml3,Wichita Falls,Texas,76305
761,Doyle,Grzelczyk,dgrzelczykl4@ox.ac.uk,dgrzelczykl4,Akron,Ohio,44305
762,Toby,Cleeton,tcleetonl5@nih.gov,tcleetonl5,Washington,District of Columbia,20404
763,Eva,Coldridge,ecoldridgel6@jugem.jp,ecoldridgel6,Anderson,Indiana,46015
764,Harriett,O'Dare,hodarel7@nytimes.com,hodarel7,Hialeah,Florida,33018
765,Jean,Dudeney,jdudeneyl8@telegraph.co.uk,jdudeneyl8,Odessa,Texas,79764
766,Cece,Bradneck,cbradneckl9@cargocollective.com,cbradneckl9,Minneapolis,Minnesota,55423
767,Lea,Stoop,lstoopla@odnoklassniki.ru,lstoopla,Omaha,Nebraska,68124
768,Killie,Woodroofe,kwoodroofelb@weather.com,kwoodroofelb,Edmond,Oklahoma,73034
769,Anatola,Feldberg,afeldberglc@nps.gov,afeldberglc,Albuquerque,New Mexico,87105
770,Raddy,Gynni,rgynnild@sina.com.cn,rgynnild,Minneapolis,Minnesota,55458
771,Kalindi,Bagniuk,kbagniukle@macromedia.com,kbagniukle,Minneapolis,Minnesota,55417
772,Jackelyn,Gier,jgierlf@whitehouse.gov,jgierlf,Sacramento,California,95818
773,Aloisia,Beurich,abeurichlg@dot.gov,abeurichlg,Inglewood,California,90305
774,Halie,Girke,hgirkelh@4shared.com,hgirkelh,College Station,Texas,77844
775,Kristal,Tong,ktongli@archive.org,ktongli,Greensboro,North Carolina,27455
776,Codi,Hewkin,chewkinlj@thetimes.co.uk,chewkinlj,Denver,Colorado,80270
777,Staford,Prier,sprierlk@chronoengine.com,sprierlk,Raleigh,North Carolina,27605
778,Jess,Verdy,jverdyll@yandex.ru,jverdyll,San Antonio,Texas,78260
779,Reuven,Carbert,rcarbertlm@hc360.com,rcarbertlm,Saint Petersburg,Florida,33742
780,Ainslee,Baguley,abaguleyln@java.com,abaguleyln,Little Rock,Arkansas,72204
781,Lucky,Hanson,lhansonlo@wsj.com,lhansonlo,San Diego,California,92191
782,Tessi,Sikorski,tsikorskilp@spotify.com,tsikorskilp,Houston,Texas,77223
783,Suzanne,Goodrum,sgoodrumlq@huffingtonpost.com,sgoodrumlq,Raleigh,North Carolina,27605
784,Walliw,Twiggins,wtwigginslr@wisc.edu,wtwigginslr,Aiken,South Carolina,29805
785,Amabel,Hadden,ahaddenls@e-recht24.de,ahaddenls,Saint Louis,Missouri,63131
786,Demott,Shewery,dshewerylt@dion.ne.jp,dshewerylt,El Paso,Texas,88553
787,Janos,Waleworke,jwaleworkelu@nydailynews.com,jwaleworkelu,Washington,District of Columbia,20010
788,Dana,Tugman,dtugmanlv@hostgator.com,dtugmanlv,Saint Paul,Minnesota,55103
789,Maribeth,Besnardeau,mbesnardeaulw@sina.com.cn,mbesnardeaulw,Youngstown,Ohio,44511
790,Verla,Lavallie,vlavallielx@people.com.cn,vlavallielx,Sioux Falls,South Dakota,57105
791,Corny,Tellenbroker,ctellenbrokerly@wikispaces.com,ctellenbrokerly,New Orleans,Louisiana,70116
792,Kaleena,Bransom,kbransomlz@imdb.com,kbransomlz,Newark,New Jersey,07188
793,Frasco,Pentycross,fpentycrossm0@1und1.de,fpentycrossm0,Warren,Michigan,48092
794,Ramsay,Durrad,rdurradm1@go.com,rdurradm1,Columbus,Ohio,43210
795,Ted,Samples,tsamplesm2@privacy.gov.au,tsamplesm2,Washington,District of Columbia,20530
796,Anabal,Credland,acredlandm3@alibaba.com,acredlandm3,Kansas City,Missouri,64130
797,Hussein,Olivie,holiviem4@apple.com,holiviem4,Newark,Delaware,19714
798,Durward,Hoggetts,dhoggettsm5@tmall.com,dhoggettsm5,Cleveland,Ohio,44118
799,Lorine,Lacelett,llacelettm6@ucla.edu,llacelettm6,Atlanta,Georgia,30392
800,Sissy,Rosenzveig,srosenzveigm7@pinterest.com,srosenzveigm7,Peoria,Illinois,61629
801,Wenda,Atthowe,watthowem8@over-blog.com,watthowem8,Sarasota,Florida,34238
802,Bobina,Hayhoe,bhayhoem9@dot.gov,bhayhoem9,Boston,Massachusetts,02283
803,Arte,Oxbie,aoxbiema@technorati.com,aoxbiema,Minneapolis,Minnesota,55417
804,Dino,Charley,dcharleymb@webeden.co.uk,dcharleymb,Charlotte,North Carolina,28299
805,Dennison,Oldershaw,doldershawmc@tamu.edu,doldershawmc,New York City,New York,10275
806,Daveen,Ford,dfordmd@paypal.com,dfordmd,Pensacola,Florida,32526
807,Dulcia,Egalton,degaltonme@timesonline.co.uk,degaltonme,El Paso,Texas,88535
808,Kristine,Guswell,kguswellmf@umn.edu,kguswellmf,Idaho Falls,Idaho,83405
809,Aurelia,Files,afilesmg@nytimes.com,afilesmg,Mobile,Alabama,36622
810,Web,MacIlurick,wmacilurickmh@wired.com,wmacilurickmh,Saint Paul,Minnesota,55146
811,Annadiane,Waterman,awatermanmi@ucoz.com,awatermanmi,Anchorage,Alaska,99517
812,Irv,Alastair,ialastairmj@pbs.org,ialastairmj,Pittsburgh,Pennsylvania,15266
813,Cornelia,Bront,cbrontmk@phoca.cz,cbrontmk,Huntington,West Virginia,25726
814,Paul,Whiteside,pwhitesideml@flickr.com,pwhitesideml,Fort Worth,Texas,76115
815,Celinka,Loddy,cloddymm@macromedia.com,cloddymm,Omaha,Nebraska,68179
816,Emalia,Buntin,ebuntinmn@opera.com,ebuntinmn,Beaverton,Oregon,97075
817,Yancy,Bucham,ybuchammo@istockphoto.com,ybuchammo,Irvine,California,92717
818,Hartley,Pavia,hpaviamp@vistaprint.com,hpaviamp,Dulles,Virginia,20189
819,Mattias,Jarmaine,mjarmainemq@ehow.com,mjarmainemq,Las Vegas,Nevada,89140
820,Frederich,Andreasen,fandreasenmr@geocities.com,fandreasenmr,Birmingham,Alabama,35210
821,Alessandro,Jeness,ajenessms@google.co.jp,ajenessms,Hartford,Connecticut,06140
822,Reba,Eymer,reymermt@intel.com,reymermt,Washington,District of Columbia,20508
823,Feliza,MacGray,fmacgraymu@usgs.gov,fmacgraymu,South Bend,Indiana,46614
824,Giavani,Keddey,gkeddeymv@army.mil,gkeddeymv,Jamaica,New York,11480
825,Lauree,Burger,lburgermw@slashdot.org,lburgermw,Muncie,Indiana,47306
826,Pat,Tenney,ptenneymx@yelp.com,ptenneymx,Bozeman,Montana,59771
827,Rena,Eubank,reubankmy@mayoclinic.com,reubankmy,Sacramento,California,95833
828,Frasquito,Craigmyle,fcraigmylemz@domainmarket.com,fcraigmylemz,Staten Island,New York,10305
829,Aura,Druce,adrucen0@bloglovin.com,adrucen0,New York City,New York,10009
830,Zedekiah,Mumford,zmumfordn1@flickr.com,zmumfordn1,Brooklyn,New York,11225
831,Dietrich,Tidmas,dtidmasn2@goo.ne.jp,dtidmasn2,Lubbock,Texas,79452
832,Haywood,Bracchi,hbracchin3@surveymonkey.com,hbracchin3,Baltimore,Maryland,21282
833,Hieronymus,Audus,haudusn4@seesaa.net,haudusn4,Little Rock,Arkansas,72222
834,Sile,Stert,sstertn5@usa.gov,sstertn5,Santa Barbara,California,93150
835,Yasmeen,Cejka,ycejkan6@behance.net,ycejkan6,Jacksonville,Florida,32230
836,Celia,Coldman,ccoldmann7@shareasale.com,ccoldmann7,Austin,Texas,78789
837,Gerty,McLurg,gmclurgn8@acquirethisname.com,gmclurgn8,Columbus,Ohio,43220
838,Vitoria,Brito,vbriton9@theatlantic.com,vbriton9,Maple Plain,Minnesota,55579
839,Kort,Kivlehan,kkivlehanna@wordpress.org,kkivlehanna,Annapolis,Maryland,21405
840,Stoddard,Varty,svartynb@storify.com,svartynb,Cincinnati,Ohio,45999
841,Roshelle,Yantsurev,ryantsurevnc@unicef.org,ryantsurevnc,San Francisco,California,94147
842,Rosalinda,Jurzyk,rjurzyknd@blogspot.com,rjurzyknd,Santa Monica,California,90410
843,Birch,Jurges,bjurgesne@amazon.com,bjurgesne,Columbus,Ohio,43231
844,Leigh,Cossam,lcossamnf@github.io,lcossamnf,Tallahassee,Florida,32309
845,Miquela,Genike,mgenikeng@uol.com.br,mgenikeng,Milwaukee,Wisconsin,53285
846,Essie,Scyner,escynernh@timesonline.co.uk,escynernh,Sacramento,California,94245
847,Diandra,Hancorn,dhancornni@studiopress.com,dhancornni,Louisville,Kentucky,40287
848,Leesa,Bidmead,lbidmeadnj@lycos.com,lbidmeadnj,Bakersfield,California,93305
849,Brook,Abilowitz,babilowitznk@psu.edu,babilowitznk,Fort Myers,Florida,33994
850,Grace,Brooksby,gbrooksbynl@wordpress.com,gbrooksbynl,Charleston,West Virginia,25389
851,Phoebe,Sendall,psendallnm@networksolutions.com,psendallnm,Augusta,Georgia,30919
852,Haskell,Durante,hdurantenn@nature.com,hdurantenn,Nashville,Tennessee,37250
853,Sisile,Raggatt,sraggattno@soup.io,sraggattno,Scottsdale,Arizona,85260
854,Robbert,Scutts,rscuttsnp@lycos.com,rscuttsnp,Los Angeles,California,90081
855,Sybila,Faber,sfabernq@gmpg.org,sfabernq,Houston,Texas,77276
856,Marshall,Pillifant,mpillifantnr@techcrunch.com,mpillifantnr,Irvine,California,92710
857,Lisha,Eagger,leaggerns@statcounter.com,leaggerns,Charlotte,North Carolina,28263
858,Farrel,Conley,fconleynt@princeton.edu,fconleynt,San Antonio,Texas,78225
859,Loise,Canizares,lcanizaresnu@weebly.com,lcanizaresnu,Wilmington,Delaware,19886
860,Lea,Weavill,lweavillnv@storify.com,lweavillnv,San Bernardino,California,92410
861,Perice,Swin,pswinnw@miibeian.gov.cn,pswinnw,Homestead,Florida,33034
862,Baillie,Vasilyonok,bvasilyonoknx@ibm.com,bvasilyonoknx,Greenville,South Carolina,29605
863,Cad,Ghio,cghiony@mit.edu,cghiony,Sacramento,California,94273
864,Tabina,Attride,tattridenz@nih.gov,tattridenz,Birmingham,Alabama,35210
865,Corinna,Pemberton,cpembertono0@pagesperso-orange.fr,cpembertono0,Montpelier,Vermont,05609
866,Alexis,Cardow,acardowo1@unc.edu,acardowo1,Sarasota,Florida,34276
867,Jilly,Feast,jfeasto2@parallels.com,jfeasto2,Reading,Pennsylvania,19605
868,Steffi,Heball,sheballo3@usgs.gov,sheballo3,Houston,Texas,77234
869,Kristien,Zieme,kziemeo4@europa.eu,kziemeo4,Atlanta,Georgia,30356
870,Shermy,Water,swatero5@digg.com,swatero5,Charlottesville,Virginia,22903
871,Ulrick,Pouton,upoutono6@blog.com,upoutono6,Texarkana,Texas,75507
872,Delano,Chesters,dchesterso7@eventbrite.com,dchesterso7,Winston Salem,North Carolina,27110
873,Wallas,Pixton,wpixtono8@squidoo.com,wpixtono8,Durham,North Carolina,27705
874,Royal,Hawlgarth,rhawlgartho9@360.cn,rhawlgartho9,Watertown,Massachusetts,02472
875,Bernete,Moralis,bmoralisoa@npr.org,bmoralisoa,Pittsburgh,Pennsylvania,15250
876,Clemence,Vlasenko,cvlasenkoob@instagram.com,cvlasenkoob,Harrisburg,Pennsylvania,17140
877,Zuzana,Brosio,zbrosiooc@vinaora.com,zbrosiooc,Knoxville,Tennessee,37931
878,Beverie,Vampouille,bvampouilleod@nymag.com,bvampouilleod,Springfield,Missouri,65810
879,King,Jaeggi,kjaeggioe@histats.com,kjaeggioe,Saint Paul,Minnesota,55114
880,Mel,Rennox,mrennoxof@telegraph.co.uk,mrennoxof,New York City,New York,10099
881,Evin,Birnie,ebirnieog@techcrunch.com,ebirnieog,Portland,Oregon,97286
882,Solomon,Whiskerd,swhiskerdoh@facebook.com,swhiskerdoh,Miami,Florida,33190
883,Ebonee,Maes,emaesoi@hugedomains.com,emaesoi,Memphis,Tennessee,38181
884,Gustaf,Stendell,gstendelloj@edublogs.org,gstendelloj,Washington,District of Columbia,20051
885,Anatol,Wyborn,awybornok@cargocollective.com,awybornok,Bethlehem,Pennsylvania,18018
886,Stinky,Bletsoe,sbletsoeol@about.com,sbletsoeol,Bradenton,Florida,34205
887,Rodge,Yarker,ryarkerom@dyndns.org,ryarkerom,Maple Plain,Minnesota,55579
888,Tomaso,de Bullion,tdebullionon@cafepress.com,tdebullionon,Chattanooga,Tennessee,37450
889,Rochelle,Pratley,rpratleyoo@baidu.com,rpratleyoo,Fort Lauderdale,Florida,33330
890,Bryana,Moorerud,bmoorerudop@hhs.gov,bmoorerudop,Seattle,Washington,98127
891,Shannon,Siegertsz,ssiegertszoq@youtu.be,ssiegertszoq,San Diego,California,92127
892,Adore,Joe,ajoeor@ow.ly,ajoeor,Bowie,Maryland,20719
893,Iolanthe,Huxham,ihuxhamos@guardian.co.uk,ihuxhamos,Washington,District of Columbia,20380
894,Olva,Tabbernor,otabbernorot@rambler.ru,otabbernorot,Vero Beach,Florida,32969
895,Jacquenetta,Oland,jolandou@sfgate.com,jolandou,Pasadena,California,91186
896,Lib,Withringten,lwithringtenov@mapquest.com,lwithringtenov,Bethesda,Maryland,20892
897,Lari,Morffew,lmorffewow@go.com,lmorffewow,Lexington,Kentucky,40576
898,Tuesday,Brotherhead,tbrotherheadox@liveinternet.ru,tbrotherheadox,Las Vegas,Nevada,89155
899,Gizela,O'Harney,goharneyoy@usda.gov,goharneyoy,Washington,District of Columbia,20575
900,Drucy,Streak,dstreakoz@mayoclinic.com,dstreakoz,Baton Rouge,Louisiana,70810
901,Bethany,Mawd,bmawdp0@issuu.com,bmawdp0,Los Angeles,California,90015
902,Saunder,Sandever,ssandeverp1@tiny.cc,ssandeverp1,Mobile,Alabama,36622
903,Susie,Ajam,sajamp2@drupal.org,sajamp2,Albuquerque,New Mexico,87180
904,Benni,Whellams,bwhellamsp3@deliciousdays.com,bwhellamsp3,Boston,Massachusetts,02104
905,Jacynth,Risbie,jrisbiep4@meetup.com,jrisbiep4,Independence,Missouri,64054
906,Bartlet,Stoffers,bstoffersp5@google.es,bstoffersp5,Mount Vernon,New York,10557
907,Dag,Treske,dtreskep6@amazon.de,dtreskep6,San Antonio,Texas,78230
908,Prissie,Ruprich,pruprichp7@surveymonkey.com,pruprichp7,Salt Lake City,Utah,84140
909,Francoise,Tidbald,ftidbaldp8@youtu.be,ftidbaldp8,Dayton,Ohio,45403
910,Lois,Ritmeier,lritmeierp9@oracle.com,lritmeierp9,Norfolk,Virginia,23520
911,Wally,Fidian,wfidianpa@mapquest.com,wfidianpa,Falls Church,Virginia,22047
912,Sibbie,Brithman,sbrithmanpb@pbs.org,sbrithmanpb,Lafayette,Louisiana,70505
913,Alanna,Wandtke,awandtkepc@behance.net,awandtkepc,Jacksonville,Florida,32209
914,Niko,Hasker,nhaskerpd@miitbeian.gov.cn,nhaskerpd,Charleston,West Virginia,25321
915,Morgen,Foch,mfochpe@cloudflare.com,mfochpe,Honolulu,Hawaii,96850
916,Minette,Saull,msaullpf@w3.org,msaullpf,Seattle,Washington,98195
917,Xylina,Del Checolo,xdelchecolopg@oracle.com,xdelchecolopg,Abilene,Texas,79605
918,Aline,McBeath,amcbeathph@ow.ly,amcbeathph,Houston,Texas,77212
919,Der,Scardifeild,dscardifeildpi@nationalgeographic.com,dscardifeildpi,Vero Beach,Florida,32964
920,Waldemar,Joesbury,wjoesburypj@symantec.com,wjoesburypj,Saint Louis,Missouri,63121
921,Adel,Aubray,aaubraypk@rediff.com,aaubraypk,Arlington,Texas,76004
922,Milissent,Barabisch,mbarabischpl@ow.ly,mbarabischpl,Syracuse,New York,13205
923,Georgina,Dearnly,gdearnlypm@japanpost.jp,gdearnlypm,Seattle,Washington,98175
924,Del,Papaccio,dpapacciopn@nytimes.com,dpapacciopn,Portland,Maine,04109
925,Sybyl,Emons,semonspo@free.fr,semonspo,Phoenix,Arizona,85010
926,Estele,Willden,ewilldenpp@mlb.com,ewilldenpp,Saint Cloud,Minnesota,56398
927,Eziechiele,Gothup,egothuppq@japanpost.jp,egothuppq,Corpus Christi,Texas,78405
928,Kerstin,Bailiss,kbailisspr@amazon.co.jp,kbailisspr,Los Angeles,California,90071
929,Anatole,Jahns,ajahnsps@pagesperso-orange.fr,ajahnsps,Hollywood,Florida,33028
930,Edvard,Gudde,eguddept@yellowbook.com,eguddept,Hicksville,New York,11854
931,Giles,Gooke,ggookepu@reuters.com,ggookepu,Chattanooga,Tennessee,37410
932,Gregor,Hebbes,ghebbespv@statcounter.com,ghebbespv,Anniston,Alabama,36205
933,Regina,Fulk,rfulkpw@cam.ac.uk,rfulkpw,San Francisco,California,94116
934,Lem,Peyto,lpeytopx@goodreads.com,lpeytopx,Chicago,Illinois,60630
935,Nessi,Olek,nolekpy@ca.gov,nolekpy,Spokane,Washington,99220
936,Orv,Whaymand,owhaymandpz@ovh.net,owhaymandpz,Pittsburgh,Pennsylvania,15274
937,Marla,Lenz,mlenzq0@example.com,mlenzq0,Stockton,California,95219
938,Kirsteni,Truter,ktruterq1@un.org,ktruterq1,Kansas City,Missouri,64187
939,Gavan,Balden,gbaldenq2@bandcamp.com,gbaldenq2,Newport Beach,California,92662
940,Val,Drayton,vdraytonq3@umich.edu,vdraytonq3,Washington,District of Columbia,20022
941,Caty,Ismead,cismeadq4@psu.edu,cismeadq4,Wichita,Kansas,67210
942,Hagan,Martinez,hmartinezq5@wufoo.com,hmartinezq5,Shawnee Mission,Kansas,66215
943,Auria,McInulty,amcinultyq6@usgs.gov,amcinultyq6,Albany,New York,12227
944,Caspar,Lyste,clysteq7@mac.com,clysteq7,Charleston,West Virginia,25313
945,Lexie,Cotherill,lcotherillq8@delicious.com,lcotherillq8,Spokane,Washington,99220
946,Siegfried,Reimers,sreimersq9@dmoz.org,sreimersq9,Tampa,Florida,33661
947,Orbadiah,Semper,osemperqa@prlog.org,osemperqa,Marietta,Georgia,30061
948,Clarie,Reck,creckqb@pbs.org,creckqb,Roanoke,Virginia,24040
949,Karlan,Heijne,kheijneqc@hhs.gov,kheijneqc,Washington,District of Columbia,20220
950,Cody,Meadowcraft,cmeadowcraftqd@harvard.edu,cmeadowcraftqd,Baton Rouge,Louisiana,70805
951,Daniele,Rylands,drylandsqe@ebay.co.uk,drylandsqe,Lake Worth,Florida,33462
952,Bettina,Mann,bmannqf@alibaba.com,bmannqf,Utica,New York,13505
953,Julian,Diehn,jdiehnqg@studiopress.com,jdiehnqg,Honolulu,Hawaii,96810
954,Wynn,Eastabrook,weastabrookqh@skyrock.com,weastabrookqh,Duluth,Georgia,30195
955,Aharon,Vlach,avlachqi@parallels.com,avlachqi,Denver,Colorado,80249
956,Gardiner,Casoni,gcasoniqj@seattletimes.com,gcasoniqj,Columbia,South Carolina,29208
957,Piper,Mulrean,pmulreanqk@github.io,pmulreanqk,Littleton,Colorado,80127
958,Shannon,Meggison,smeggisonql@admin.ch,smeggisonql,Indianapolis,Indiana,46266
959,Reeta,Broderick,rbroderickqm@yolasite.com,rbroderickqm,Las Vegas,Nevada,89140
960,Horacio,Robertelli,hrobertelliqn@nationalgeographic.com,hrobertelliqn,Los Angeles,California,90081
961,Justus,Gunnell,jgunnellqo@dailymotion.com,jgunnellqo,Miami,Florida,33175
962,Bartram,Kernell,bkernellqp@whitehouse.gov,bkernellqp,Washington,District of Columbia,20580
963,Stesha,Brise,sbriseqq@unesco.org,sbriseqq,Saint Louis,Missouri,63116
964,Magda,Balmadier,mbalmadierqr@jiathis.com,mbalmadierqr,Salt Lake City,Utah,84110
965,Ibbie,Boothe,ibootheqs@bbb.org,ibootheqs,Brooklyn,New York,11225
966,Leo,Kynder,lkynderqt@dagondesign.com,lkynderqt,Pittsburgh,Pennsylvania,15210
967,Therine,Loxston,tloxstonqu@disqus.com,tloxstonqu,Carol Stream,Illinois,60158
968,Sylas,Finding,sfindingqv@mapquest.com,sfindingqv,Tulsa,Oklahoma,74170
969,Donnie,O'Scanlan,doscanlanqw@biblegateway.com,doscanlanqw,Des Moines,Iowa,50330
970,Gabbi,Arch,garchqx@patch.com,garchqx,Greensboro,North Carolina,27415
971,Carmela,Newstead,cnewsteadqy@mysql.com,cnewsteadqy,Jefferson City,Missouri,65110
972,Annie,Matschek,amatschekqz@geocities.com,amatschekqz,Miami,Florida,33124
973,Mendel,Shilleto,mshilletor0@friendfeed.com,mshilletor0,Atlanta,Georgia,30323
974,Rosa,Lucchi,rlucchir1@youtu.be,rlucchir1,Indianapolis,Indiana,46295
975,Brena,Scruton,bscrutonr2@samsung.com,bscrutonr2,New York City,New York,10270
976,Tamqrah,Lewerenz,tlewerenzr3@sfgate.com,tlewerenzr3,Boca Raton,Florida,33499
977,Eunice,Willis,ewillisr4@soup.io,ewillisr4,Providence,Rhode Island,02912
978,Jeannette,Kubicka,jkubickar5@bbb.org,jkubickar5,Kansas City,Kansas,66112
979,Candie,Roast,croastr6@wordpress.org,croastr6,Austin,Texas,78783
980,Alick,Samuel,asamuelr7@4shared.com,asamuelr7,Winston Salem,North Carolina,27116
981,Judah,Scorey,jscoreyr8@studiopress.com,jscoreyr8,Arlington,Virginia,22225
982,Ben,Aleixo,baleixor9@lulu.com,baleixor9,Minneapolis,Minnesota,55487
983,Saunderson,Breslane,sbreslanera@ebay.com,sbreslanera,Newark,Delaware,19725
984,Daffie,Strivens,dstrivensrb@google.ru,dstrivensrb,Washington,District of Columbia,20430
985,Giraldo,Ceney,gceneyrc@uiuc.edu,gceneyrc,Kansas City,Missouri,64144
986,Julita,Matussevich,jmatussevichrd@trellian.com,jmatussevichrd,Santa Monica,California,90405
987,Allen,Nancekivell,anancekivellre@washingtonpost.com,anancekivellre,Killeen,Texas,76544
988,Dorita,Sammon,dsammonrf@altervista.org,dsammonrf,San Francisco,California,94121
989,Alistair,Keyser,akeyserrg@imgur.com,akeyserrg,Omaha,Nebraska,68110
990,Anderson,Denkel,adenkelrh@liveinternet.ru,adenkelrh,Grand Rapids,Michigan,49518
991,Hollie,Pikhno,hpikhnori@google.com.au,hpikhnori,Pittsburgh,Pennsylvania,15225
992,Zacharias,Dawks,zdawksrj@scribd.com,zdawksrj,Washington,District of Columbia,20535
993,Thebault,Esterbrook,testerbrookrk@example.com,testerbrookrk,Milwaukee,Wisconsin,53220
994,Tamera,Lidstone,tlidstonerl@ted.com,tlidstonerl,Fort Lauderdale,Florida,33305
995,Andris,Vellacott,avellacottrm@walmart.com,avellacottrm,Fresno,California,93721
996,Mohandis,Johanssen,mjohanssenrn@lycos.com,mjohanssenrn,Knoxville,Tennessee,37995
997,Edith,Ruffles,erufflesro@army.mil,erufflesro,Charlottesville,Virginia,22903
998,Jessi,Tremmil,jtremmilrp@vkontakte.ru,jtremmilrp,Birmingham,Alabama,35205
999,Ingmar,Erangey,ierangeyrq@mapy.cz,ierangeyrq,Roanoke,Virginia,24014
1000,Honoria,Gossan,hgossanrr@odnoklassniki.ru,hgossanrr,Crawfordsville,Indiana,47937
